/Users/cai/Library/Python/3.9/lib/python/site-packages/urllib3/__init__.py:35: NotOpenSSLWarning: urllib3 v2 only supports OpenSSL 1.1.1+, currently the 'ssl' module is compiled with 'LibreSSL 2.8.3'. See: https://github.com/urllib3/urllib3/issues/3020
  warnings.warn(
[main 8f1111e] feat: add 2026-04-01 stock report (auto-generated)
 Committer: cai <cai@caideMacBook-Pro.local>
Your name and email address were configured automatically based
on your username and hostname. Please check that they are accurate.
You can suppress this message by setting them explicitly. Run the
following command and follow the instructions in your editor to edit
your configuration file:

    git config --global --edit

After doing this, you may fix the identity used for this commit with:

    git commit --amend --reset-author

 2 files changed, 143 insertions(+)
 create mode 100644 "2026-04-01-\351\200\211\350\202\241\346\212\245\345\221\212.md"
 create mode 100644 scripts/cron.log
To github.com:wssaidong/AAna.git
   a1acf36..8f1111e  main -> main
[AAna Report] 生成 2026-04-01 选股报告...
[AAna] 正在获取 19 只股票的实时数据...
[AAna] 批量获取股价失败: ('Connection aborted.', RemoteDisconnected('Remote end closed connection without response'))
[AAna Report] 报告已生成: /Users/cai/code/AAna/2026-04-01-选股报告.md
[AAna Report] 已提交到 GitHub
[AAna v2.3] 生成 2026-04-02 选股报告...
[AAna] 获取 19 只股票数据...
[AAna] 报告已生成: /Users/cai/code/AAna/2026-04-02-选股报告.md
[AAna] 已推送 GitHub
[AAna v2.3] 生成 2026-04-03 选股报告...
[AAna] 获取 19 只股票数据...
[AAna] 报告已生成: /Users/cai/code/AAna/2026-04-03-选股报告.md
[AAna] 已推送 GitHub
[AAna v2.3] 生成 2026-04-04 选股报告...
[AAna] 获取 19 只股票数据...
[AAna] 报告已生成: /Users/cai/code/AAna/2026-04-04-选股报告.md
[AAna] 已推送 GitHub
[AAna v2.3] 生成 2026-04-05 选股报告...
[AAna] 获取 19 只股票数据...
[AAna] 报告已生成: /Users/cai/code/AAna/2026-04-05-选股报告.md
[AAna] 已推送 GitHub
[AAna v2.3] 生成 2026-04-06 选股报告...
[AAna] 获取 19 只股票数据...
[AAna] 报告已生成: /Users/cai/code/AAna/2026-04-06-选股报告.md
[AAna] 已推送 GitHub
[AAna v2.3] 生成 2026-04-07 选股报告...
[AAna] 获取 19 只股票数据...
[AAna] 报告已生成: /Users/cai/code/AAna/2026-04-07-选股报告.md
[AAna] 已推送 GitHub
[AAna v2.3] 生成 2026-04-07 选股报告...
[AAna] 获取 19 只股票数据...
[AAna] 报告已生成: /Users/cai/code/AAna/2026-04-07-选股报告.md
[AAna] 已推送 GitHub
[AAna v2.3] 生成 2026-04-07 选股报告...
[AAna] 获取 19 只股票数据...
[AAna] 报告已生成: /Users/cai/code/AAna/2026-04-07-选股报告.md
[AAna] 已推送 GitHub
[AAna v2.3] 生成 2026-04-08 选股报告...
[AAna] 获取 19 只股票数据...
[AAna] 报告已生成: /Users/cai/code/AAna/2026-04-08-选股报告.md
[AAna] 已推送 GitHub
[AAna v2.3] 生成 2026-04-08 选股报告...
[AAna] 获取 19 只股票数据...
[AAna] 报告已生成: /Users/cai/code/AAna/2026-04-08-选股报告.md
[AAna] 已推送 GitHub
[AAna v2.3] 生成 2026-04-08 选股报告...
[AAna] 获取 19 只股票数据...
[AAna] 报告已生成: /Users/cai/code/AAna/2026-04-08-选股报告.md
[AAna] 已推送 GitHub
[AAna v2.4] 生成 2026-04-08 复盘评分报告...
[AAna] 获取 19 只股票收盘数据...
[AAna] 复盘评分报告已生成: /Users/cai/code/AAna/2026-04-08-复盘评分.md
[AAna] 复盘报告已推送 GitHub
[AAna v2.3] 生成 2026-04-09 选股报告...
[AAna] 获取 19 只股票数据...
[AAna] 报告已生成: /Users/cai/code/AAna/2026-04-09-选股报告.md
[AAna] 早盘快照已保存: /Users/cai/code/AAna/.snapshot_2026-04-09_09_00.json
[AAna] Git 失败: Command '['git', 'push', 'origin', 'main']' returned non-zero exit status 128.
[AAna v2.3] 生成 2026-04-09 选股报告...
[AAna] 获取 19 只股票数据...
[AAna] 报告已生成: /Users/cai/code/AAna/2026-04-09-选股报告.md
[AAna] Git 失败: Command '['git', 'push', 'origin', 'main']' returned non-zero exit status 128.
[AAna v2.3] 生成 2026-04-09 选股报告...
[AAna] 获取 19 只股票数据...
[AAna] 报告已生成: /Users/cai/code/AAna/2026-04-09-选股报告.md
[AAna] Git 失败: Command '['git', 'push', 'origin', 'main']' returned non-zero exit status 128.
[AAna v2.4] 生成 2026-04-09 复盘评分报告...
[AAna] 获取 19 只股票收盘数据...
[AAna] 复盘评分报告已生成: /Users/cai/code/AAna/2026-04-09-复盘评分.md
[AAna] Git 失败: Command '['git', 'push', 'origin', 'main']' returned non-zero exit status 128.
[AAna v2.3] 生成 2026-04-10 选股报告...
[AAna] 获取 19 只股票数据...
[AAna] 报告已生成: /Users/cai/code/AAna/2026-04-10-选股报告.md
[AAna] 早盘快照已保存: /Users/cai/code/AAna/.snapshot_2026-04-10_09_00.json
[AAna] Git 失败: Command '['git', 'push', 'origin', 'main']' returned non-zero exit status 128.
[AAna v2.3] 生成 2026-04-10 选股报告...
[AAna] 获取 19 只股票数据...
[AAna] 报告已生成: /Users/cai/code/AAna/2026-04-10-选股报告.md
[AAna] Git 失败: Command '['git', 'push', 'origin', 'main']' returned non-zero exit status 128.
[AAna v2.3] 生成 2026-04-10 选股报告...
[AAna] 获取 19 只股票数据...
[AAna] 报告已生成: /Users/cai/code/AAna/2026-04-10-选股报告.md
[AAna] Git 失败: Command '['git', 'push', 'origin', 'main']' returned non-zero exit status 128.
[AAna v2.4] 生成 2026-04-10 复盘评分报告...
[AAna] 获取 19 只股票收盘数据...
[AAna] 复盘评分报告已生成: /Users/cai/code/AAna/2026-04-10-复盘评分.md
[AAna] Git 失败: Command '['git', 'push', 'origin', 'main']' returned non-zero exit status 128.
[AAna v2.3] 生成 2026-04-11 选股报告...
[AAna] 获取 19 只股票数据...
[AAna] 报告已生成: /Users/cai/code/AAna/2026-04-11-选股报告.md
[AAna] 早盘快照已保存: /Users/cai/code/AAna/.snapshot_2026-04-11_09_00.json
[AAna] Git 失败: Command '['git', 'push', 'origin', 'main']' returned non-zero exit status 128.
[AAna v2.3] 生成 2026-04-11 选股报告...
[AAna] 获取 19 只股票数据...
[AAna] 报告已生成: /Users/cai/code/AAna/2026-04-11-选股报告.md
[AAna] Git 失败: Command '['git', 'push', 'origin', 'main']' returned non-zero exit status 128.
[AAna v2.3] 生成 2026-04-11 选股报告...
[AAna] 获取 19 只股票数据...
[AAna] 报告已生成: /Users/cai/code/AAna/2026-04-11-选股报告.md
[AAna] Git 失败: Command '['git', 'push', 'origin', 'main']' returned non-zero exit status 128.
[AAna v2.4] 生成 2026-04-11 复盘评分报告...
[AAna] 获取 19 只股票收盘数据...
[AAna] 复盘评分报告已生成: /Users/cai/code/AAna/2026-04-11-复盘评分.md
[AAna] Git 失败: Command '['git', 'push', 'origin', 'main']' returned non-zero exit status 128.
[AAna v2.3] 生成 2026-04-12 选股报告...
[AAna] 获取 19 只股票数据...
[AAna] 报告已生成: /Users/cai/code/AAna/2026-04-12-选股报告.md
[AAna] 早盘快照已保存: /Users/cai/code/AAna/.snapshot_2026-04-12_09_00.json
[AAna] Git 失败: Command '['git', 'push', 'origin', 'main']' returned non-zero exit status 128.
[AAna v2.3] 生成 2026-04-12 选股报告...
[AAna] 获取 19 只股票数据...
[AAna] 报告已生成: /Users/cai/code/AAna/2026-04-12-选股报告.md
[AAna] Git 失败: Command '['git', 'push', 'origin', 'main']' returned non-zero exit status 128.
[AAna v2.3] 生成 2026-04-12 选股报告...
[AAna] 获取 19 只股票数据...
[AAna] 报告已生成: /Users/cai/code/AAna/2026-04-12-选股报告.md
[AAna] Git 失败: Command '['git', 'push', 'origin', 'main']' returned non-zero exit status 128.
[AAna v2.4] 生成 2026-04-12 复盘评分报告...
[AAna] 获取 19 只股票收盘数据...
[AAna] 复盘评分报告已生成: /Users/cai/code/AAna/2026-04-12-复盘评分.md
[AAna] Git 失败: Command '['git', 'push', 'origin', 'main']' returned non-zero exit status 128.
[AAna v2.3] 生成 2026-04-14 选股报告...
[AAna] 获取 19 只股票数据...
[AAna] 报告已生成: /Users/cai/code/AAna/2026-04-14-选股报告.md
[AAna] 早盘快照已保存: /Users/cai/code/AAna/.snapshot_2026-04-14_09_00.json
[AAna] 已推送 GitHub
[AAna v2.3] 生成 2026-04-14 选股报告...
[AAna] 获取 19 只股票数据...
[AAna] 报告已生成: /Users/cai/code/AAna/2026-04-14-选股报告.md
[AAna] 已推送 GitHub
[AAna v2.3] 生成 2026-04-14 选股报告...
[AAna] 获取 19 只股票数据...
[AAna] 报告已生成: /Users/cai/code/AAna/2026-04-14-选股报告.md
[AAna] 已推送 GitHub
[AAna v2.4] 生成 2026-04-14 复盘评分报告...
[AAna] 获取 19 只股票收盘数据...
[AAna] 复盘评分报告已生成: /Users/cai/code/AAna/2026-04-14-复盘评分.md
[AAna] 复盘报告已推送 GitHub
[AAna v2.3] 生成 2026-04-15 选股报告...
[AAna] 获取 19 只股票数据...
[AAna] 报告已生成: /Users/cai/code/AAna/2026-04-15-选股报告.md
[AAna] 已推送 GitHub
[AAna v2.4] 生成 2026-04-15 复盘评分报告...
[AAna] 获取 19 只股票收盘数据...
[AAna] 复盘评分报告已生成: /Users/cai/code/AAna/2026-04-15-复盘评分.md
[AAna] 复盘报告已推送 GitHub
[AAna v2.3] 生成 2026-04-16 选股报告...
[AAna] 获取 19 只股票数据...
[AAna] 报告已生成: /Users/cai/code/AAna/2026-04-16-选股报告.md
[AAna] 早盘快照已保存: /Users/cai/code/AAna/.snapshot_2026-04-16_09_00.json
[AAna] 已推送 GitHub
[AAna v2.3] 生成 2026-04-16 选股报告...
[AAna] 获取 19 只股票数据...
[AAna] 报告已生成: /Users/cai/code/AAna/2026-04-16-选股报告.md
[AAna] 已推送 GitHub
[AAna v2.3] 生成 2026-04-16 选股报告...
[AAna] 获取 19 只股票数据...
[AAna] 报告已生成: /Users/cai/code/AAna/2026-04-16-选股报告.md
[AAna] 已推送 GitHub
[AAna v2.4] 生成 2026-04-16 复盘评分报告...
[AAna] 获取 19 只股票收盘数据...
[AAna] 复盘评分报告已生成: /Users/cai/code/AAna/2026-04-16-复盘评分.md
[AAna] 复盘报告已推送 GitHub
[AAna] Git pull: Already up to date.
[AAna v2.3] 生成 2026-04-17 选股报告...
[AAna] 获取 19 只股票数据...
[AAna] 报告已生成: /Users/cai/code/AAna/2026-04-17-选股报告.md
[AAna] 早盘快照已保存: /Users/cai/code/AAna/.snapshot_2026-04-17_09_00.json
[AAna] 已推送 GitHub
[AAna] Git pull: Already up to date.
[AAna v2.3] 生成 2026-04-17 选股报告...
[AAna] 获取 19 只股票数据...
[AAna] 报告已生成: /Users/cai/code/AAna/2026-04-17-选股报告.md
[AAna] 已推送 GitHub
[AAna v2.4] 生成 2026-04-17 复盘评分报告...
[AAna] 获取 19 只股票收盘数据...
[AAna] 复盘评分报告已生成: /Users/cai/code/AAna/2026-04-17-复盘评分.md
[AAna] 复盘报告已推送 GitHub
[AAna] Git pull: Already up to date.
[AAna v2.3] 生成 2026-04-18 选股报告...
[AAna] 获取 19 只股票数据...
[AAna] 报告已生成: /Users/cai/code/AAna/2026-04-18-选股报告.md
[AAna] 早盘快照已保存: /Users/cai/code/AAna/.snapshot_2026-04-18_09_00.json
[AAna] 已推送 GitHub
[AAna] Git pull: Already up to date.
[AAna v2.3] 生成 2026-04-18 选股报告...
[AAna] 获取 19 只股票数据...
[AAna] 报告已生成: /Users/cai/code/AAna/2026-04-18-选股报告.md
[AAna] 已推送 GitHub
[AAna v2.4] 生成 2026-04-18 复盘评分报告...
[AAna] 获取 19 只股票收盘数据...
[AAna] 复盘评分报告已生成: /Users/cai/code/AAna/2026-04-18-复盘评分.md
[AAna] 复盘报告已推送 GitHub
[AAna] Git pull: Already up to date.
[AAna v2.3] 生成 2026-04-19 选股报告...
[AAna] 获取 19 只股票数据...
[AAna] 报告已生成: /Users/cai/code/AAna/2026-04-19-选股报告.md
[AAna] 早盘快照已保存: /Users/cai/code/AAna/.snapshot_2026-04-19_09_00.json
[AAna] 已推送 GitHub
[AAna] Git pull: Already up to date.
[AAna v2.3] 生成 2026-04-19 选股报告...
[AAna] 获取 19 只股票数据...
[AAna] 报告已生成: /Users/cai/code/AAna/2026-04-19-选股报告.md
[AAna] 已推送 GitHub
[AAna v2.4] 生成 2026-04-19 复盘评分报告...
[AAna] 获取 19 只股票收盘数据...
[AAna] 复盘评分报告已生成: /Users/cai/code/AAna/2026-04-19-复盘评分.md
[AAna] 复盘报告已推送 GitHub
[AAna] Git pull: Already up to date.
[AAna v2.3] 生成 2026-04-20 选股报告...
[AAna] 获取 19 只股票数据...
[AAna] 报告已生成: /Users/cai/code/AAna/2026-04-20-选股报告.md
[AAna] 早盘快照已保存: /Users/cai/code/AAna/.snapshot_2026-04-20_09_00.json
[AAna] 已推送 GitHub
[AAna] Git pull: Already up to date.
[AAna v2.3] 生成 2026-04-20 选股报告...
[AAna] 获取 19 只股票数据...
[AAna] 报告已生成: /Users/cai/code/AAna/2026-04-20-选股报告.md
[AAna] 已推送 GitHub
[AAna v2.4] 生成 2026-04-20 复盘评分报告...
[AAna] 获取 19 只股票收盘数据...
[AAna] 复盘评分报告已生成: /Users/cai/code/AAna/2026-04-20-复盘评分.md
[AAna] 复盘报告已推送 GitHub
[AAna] Git pull: Already up to date.
[AAna v2.4] 生成 2026-04-21 动态选股报告...
[AAna] 从新浪财经获取动态股票池...
[AAna] 获取原始数据: 200 只
[AAna] 筛选后: 66 只
[AAna] 动态股票池: 50 只
[AAna] 获取 40 只股票数据...
login success!
logout success!
login success!
logout success!
login success!
logout success!
login success!
logout success!
login success!
logout success!
login success!
logout success!
login success!
logout success!
login success!
logout success!
login success!
logout success!
login success!
logout success!
login success!
logout success!
login success!
logout success!
login success!
logout success!
login success!
logout success!
login success!
logout success!
login success!
logout success!
login success!
logout success!
login success!
logout success!
login success!
logout success!
login success!
logout success!
login success!
logout success!
login success!
logout success!
login success!
logout success!
login success!
logout success!
login success!
logout success!
login success!
logout success!
login success!
logout success!
login success!
logout success!
login success!
logout success!
login success!
logout success!
login success!
logout success!
login success!
logout success!
login success!
logout success!
login success!
logout success!
login success!
logout success!
login success!
logout success!
login success!
logout success!
login success!
logout success!
login success!
logout success!
login success!
logout success!
[AAna] 报告已生成: /Users/cai/code/AAna/2026-04-21-选股报告.md
[AAna] 已推送 GitHub
[AAna] Git pull: Already up to date.
[AAna v2.4] 生成 2026-04-21 动态选股报告...
[AAna] 从新浪财经获取动态股票池...
[AAna] 获取原始数据: 200 只
[AAna] 筛选后: 35 只
[AAna] 动态股票池: 35 只
[AAna] 获取 35 只股票数据...
login success!
logout success!
login success!
logout success!
login success!
logout success!
login success!
logout success!
login success!
logout success!
login success!
logout success!
login success!
logout success!
login success!
logout success!
login success!
logout success!
login success!
logout success!
login success!
logout success!
login success!
logout success!
login success!
logout success!
login success!
logout success!
login success!
logout success!
login success!
logout success!
login success!
logout success!
login success!
logout success!
login success!
logout success!
login success!
logout success!
login success!
logout success!
login success!
logout success!
login success!
logout success!
login success!
logout success!
login success!
logout success!
login success!
logout success!
login success!
logout success!
login success!
logout success!
login success!
logout success!
login success!
logout success!
login success!
logout success!
login success!
logout success!
login success!
logout success!
login success!
logout success!
login success!
logout success!
[AAna] 报告已生成: /Users/cai/code/AAna/2026-04-21-选股报告.md
[AAna] 已推送 GitHub
[AAna v2.4] 生成 2026-04-21 复盘评分报告...
[AAna] 获取 19 只股票收盘数据...
[AAna] 复盘评分报告已生成: /Users/cai/code/AAna/2026-04-21-复盘评分.md
[AAna] 复盘报告已推送 GitHub
[AAna] Git pull: Already up to date.
[AAna v2.4] 生成 2026-04-22 动态选股报告...
[AAna] 从新浪财经获取动态股票池...
[AAna] 获取原始数据: 200 只
[AAna] 筛选后: 35 只
[AAna] 动态股票池: 35 只
[AAna] 获取 35 只股票数据...
login success!
logout success!
login success!
logout success!
login success!
logout success!
login success!
logout success!
login success!
logout success!
login success!
logout success!
login success!
logout success!
login success!
logout success!
login success!
logout success!
login success!
logout success!
login success!
logout success!
login success!
logout success!
login success!
logout success!
login success!
logout success!
login success!
logout success!
login success!
logout success!
login success!
logout success!
login success!
logout success!
login success!
logout success!
login success!
logout success!
login success!
logout success!
login success!
logout success!
login success!
logout success!
login success!
logout success!
login success!
logout success!
login success!
logout success!
login success!
logout success!
login success!
logout success!
login success!
logout success!
login success!
logout success!
login success!
logout success!
login success!
logout success!
login success!
logout success!
login success!
logout success!
login success!
logout success!
[AAna] 报告已生成: /Users/cai/code/AAna/2026-04-22-选股报告.md
[AAna] 早盘快照已保存: /Users/cai/code/AAna/.snapshot_2026-04-22_09_00.json
[AAna] 已推送 GitHub
[AAna] Git pull: Already up to date.
[AAna v2.4] 生成 2026-04-25 动态选股报告...
[AAna] 从新浪财经获取动态股票池...
[AAna] 获取原始数据: 200 只
[AAna] 筛选后: 39 只
[AAna] 动态股票池: 39 只
[AAna] 获取 39 只股票数据...
login success!
logout success!
login success!
logout success!
login success!
logout success!
login success!
logout success!
login success!
logout success!
login success!
logout success!
login success!
logout success!
login success!
logout success!
login success!
logout success!
login success!
logout success!
login success!
logout success!
login success!
logout success!
login success!
logout success!
login success!
logout success!
login success!
logout success!
login success!
logout success!
login success!
logout success!
login success!
logout success!
login success!
logout success!
login success!
logout success!
login success!
logout success!
login success!
logout success!
login success!
logout success!
login success!
logout success!
login success!
logout success!
login success!
logout success!
login success!
logout success!
login success!
logout success!
login success!
logout success!
login success!
logout success!
login success!
logout success!
login success!
logout success!
login success!
logout success!
login success!
logout success!
login success!
logout success!
login success!
logout success!
login success!
logout success!
login success!
logout success!
login success!
logout success!
[AAna] 报告已生成: /Users/cai/code/AAna/2026-04-25-选股报告.md
[AAna] 已推送 GitHub
[AAna v2.4] 生成 2026-04-25 复盘评分报告...
[AAna] 获取 39 只股票收盘数据...
[AAna] 复盘评分报告已生成: /Users/cai/code/AAna/2026-04-25-复盘评分.md
[AAna] 复盘报告已推送 GitHub
[AAna] Git pull: Already up to date.
[AAna v2.4] 生成 2026-04-26 动态选股报告...
[AAna] 从新浪财经获取动态股票池...
[AAna] 获取原始数据: 200 只
[AAna] 筛选后: 39 只
[AAna] 动态股票池: 39 只
[AAna] 获取 39 只股票数据...
login success!
logout success!
login success!
logout success!
login success!
logout success!
login success!
logout success!
login success!
logout success!
login success!
logout success!
login success!
logout success!
login success!
logout success!
login success!
logout success!
login success!
logout success!
login success!
logout success!
login success!
logout success!
login success!
logout success!
login success!
logout success!
login success!
logout success!
login success!
logout success!
login success!
logout success!
login success!
logout success!
login success!
logout success!
login success!
logout success!
login success!
logout success!
login success!
logout success!
login success!
logout success!
login success!
logout success!
login success!
logout success!
login success!
logout success!
login success!
logout success!
login success!
logout success!
login success!
logout success!
login success!
logout success!
login success!
logout success!
login success!
logout success!
login success!
logout success!
login success!
logout success!
login success!
logout success!
login success!
logout success!
login success!
logout success!
login success!
logout success!
login success!
logout success!
[AAna] 报告已生成: /Users/cai/code/AAna/2026-04-26-选股报告.md
[AAna] 早盘快照已保存: /Users/cai/code/AAna/.snapshot_2026-04-26_09_00.json
[AAna] 已推送 GitHub
[AAna] Git pull: Already up to date.
[AAna v2.4] 生成 2026-04-26 动态选股报告...
[AAna] 从新浪财经获取动态股票池...
[AAna] 获取原始数据: 200 只
[AAna] 筛选后: 39 只
[AAna] 动态股票池: 39 只
[AAna] 获取 39 只股票数据...
login success!
logout success!
login success!
logout success!
login success!
logout success!
login success!
logout success!
login success!
logout success!
login success!
logout success!
login success!
logout success!
login success!
logout success!
login success!
logout success!
login success!
logout success!
login success!
logout success!
login success!
logout success!
login success!
logout success!
login success!
logout success!
login success!
logout success!
login success!
logout success!
login success!
logout success!
login success!
logout success!
login success!
logout success!
login success!
logout success!
login success!
logout success!
login success!
logout success!
login success!
logout success!
login success!
logout success!
login success!
logout success!
login success!
logout success!
login success!
logout success!
login success!
logout success!
login success!
logout success!
login success!
logout success!
login success!
logout success!
login success!
logout success!
login success!
logout success!
login success!
logout success!
login success!
logout success!
login success!
logout success!
login success!
logout success!
login success!
logout success!
login success!
logout success!
[AAna] 报告已生成: /Users/cai/code/AAna/2026-04-26-选股报告.md
[AAna] 已推送 GitHub
[AAna v2.4] 生成 2026-04-26 复盘评分报告...
[AAna] 获取 39 只股票收盘数据...
[AAna] 复盘评分报告已生成: /Users/cai/code/AAna/2026-04-26-复盘评分.md
[AAna] 复盘报告已推送 GitHub
[AAna] Git pull: Already up to date.
[AAna v2.4] 生成 2026-04-27 动态选股报告...
[AAna] 从新浪财经获取动态股票池...
[Sina] Page 4 failed: Expecting value: line 1 column 1 (char 0)
[AAna] 获取原始数据: 120 只
[AAna] 筛选后: 5 只
[AAna] 动态股票池: 5 只
[AAna] 获取 5 只股票数据...
login success!
logout success!
login success!
logout success!
login success!
logout success!
login success!
logout success!
login success!
logout success!
[AAna] 报告已生成: /Users/cai/code/AAna/2026-04-27-选股报告.md
[AAna] 已推送 GitHub
[AAna v2.4] 生成 2026-04-27 复盘评分报告...
[AAna] 获取 39 只股票收盘数据...
[AAna] 复盘评分报告已生成: /Users/cai/code/AAna/2026-04-27-复盘评分.md
[AAna] 复盘报告已推送 GitHub
[AAna] Git pull: Already up to date.
[AAna v2.4] 生成 2026-04-28 动态选股报告...
[AAna] 从新浪财经获取动态股票池...
[AAna] 获取原始数据: 200 只
[AAna] 筛选后: 43 只
[AAna] 动态股票池: 43 只
[AAna] 获取 40 只股票数据...
login success!
logout success!
login success!
logout success!
login success!
logout success!
login success!
logout success!
login success!
logout success!
login success!
logout success!
login success!
logout success!
login success!
logout success!
login success!
logout success!
login success!
logout success!
login success!
logout success!
login success!
logout success!
login success!
logout success!
login success!
logout success!
login success!
logout success!
login success!
logout success!
login success!
logout success!
login success!
logout success!
login success!
logout success!
login success!
logout success!
login success!
logout success!
login success!
logout success!
login success!
logout success!
login success!
logout success!
login success!
logout success!
login success!
logout success!
login success!
logout success!
login success!
logout success!
login success!
logout success!
login success!
logout success!
login success!
logout success!
login success!
logout success!
login success!
logout success!
login success!
logout success!
login success!
logout success!
login success!
logout success!
login success!
logout success!
login success!
logout success!
login success!
logout success!
login success!
logout success!
[AAna] 报告已生成: /Users/cai/code/AAna/2026-04-28-选股报告.md
[AAna] 已推送 GitHub
[AAna v2.4] 生成 2026-04-28 复盘评分报告...
[AAna] 获取 27 只股票收盘数据...
[AAna] 复盘评分报告已生成: /Users/cai/code/AAna/2026-04-28-复盘评分.md
[AAna] 复盘报告已推送 GitHub
[AAna] Git pull: Already up to date.
[AAna v2.4] 生成 2026-04-29 动态选股报告...
[AAna] 从新浪财经获取动态股票池...
[AAna] 获取原始数据: 200 只
[AAna] 筛选后: 43 只
[AAna] 动态股票池: 43 只
[AAna] 获取 40 只股票数据...
login success!
logout success!
login success!
logout success!
login success!
logout success!
login success!
logout success!
login success!
logout success!
login success!
logout success!
login success!
logout success!
login success!
logout success!
login success!
logout success!
login success!
logout success!
login success!
logout success!
login success!
logout success!
login success!
logout success!
login success!
logout success!
login success!
logout success!
login success!
logout success!
login success!
logout success!
login success!
logout success!
login success!
logout success!
login success!
logout success!
login success!
logout success!
login success!
logout success!
login success!
logout success!
login success!
logout success!
login success!
logout success!
login success!
logout success!
login success!
logout success!
login success!
logout success!
login success!
logout success!
login success!
logout success!
login success!
logout success!
login success!
logout success!
login success!
logout success!
login success!
logout success!
login success!
logout success!
login success!
logout success!
login success!
logout success!
login success!
logout success!
login success!
logout success!
login success!
logout success!
[AAna] 报告已生成: /Users/cai/code/AAna/2026-04-29-选股报告.md
[AAna] 早盘快照已保存: /Users/cai/code/AAna/.snapshot_2026-04-29_09_00.json
[AAna] 已推送 GitHub
[AAna] Git pull: Already up to date.
[AAna v2.4] 生成 2026-04-29 动态选股报告...
[AAna] 从新浪财经获取动态股票池...
[AAna] 获取原始数据: 200 只
[AAna] 筛选后: 23 只
[AAna] 动态股票池: 23 只
[AAna] 获取 23 只股票数据...
login success!
logout success!
login success!
logout success!
login success!
logout success!
login success!
logout success!
login success!
logout success!
login success!
logout success!
login success!
logout success!
login success!
logout success!
login success!
logout success!
login success!
logout success!
login success!
logout success!
login success!
logout success!
login success!
logout success!
login success!
logout success!
login success!
logout success!
login success!
logout success!
login success!
logout success!
login success!
logout success!
login success!
logout success!
login success!
logout success!
login success!
logout success!
login success!
logout success!
login success!
logout success!
[AAna] 报告已生成: /Users/cai/code/AAna/2026-04-29-选股报告.md
[AAna] 已推送 GitHub
[AAna v2.4] 生成 2026-04-29 复盘评分报告...
[AAna] 获取 40 只股票收盘数据...
[AAna] 复盘评分报告已生成: /Users/cai/code/AAna/2026-04-29-复盘评分.md
[AAna] 复盘报告已推送 GitHub
[AAna] Git pull: Already up to date.
[AAna v2.4] 生成 2026-04-30 动态选股报告...
[AAna] 从新浪财经获取动态股票池...
[AAna] 获取原始数据: 200 只
[AAna] 筛选后: 23 只
[AAna] 动态股票池: 23 只
[AAna] 获取 23 只股票数据...
login success!
logout success!
login success!
logout success!
login success!
logout success!
login success!
logout success!
login success!
logout success!
login success!
logout success!
login success!
logout success!
login success!
logout success!
login success!
logout success!
login success!
logout success!
login success!
logout success!
login success!
logout success!
login success!
logout success!
login success!
logout success!
login success!
logout success!
login success!
logout success!
login success!
logout success!
login success!
logout success!
login success!
logout success!
login success!
logout success!
login success!
logout success!
login success!
logout success!
login success!
logout success!
[AAna] 报告已生成: /Users/cai/code/AAna/2026-04-30-选股报告.md
[AAna] 早盘快照已保存: /Users/cai/code/AAna/.snapshot_2026-04-30_09_00.json
[AAna] 已推送 GitHub
[AAna] Git pull: Already up to date.
[AAna v2.4] 生成 2026-04-30 动态选股报告...
[AAna] 从新浪财经获取动态股票池...
[AAna] 获取原始数据: 200 只
[AAna] 筛选后: 27 只
[AAna] 动态股票池: 27 只
[AAna] 获取 27 只股票数据...
login success!
logout success!
login success!
logout success!
login success!
logout success!
login success!
logout success!
login success!
logout success!
login success!
logout success!
login success!
logout success!
login success!
logout success!
login success!
logout success!
login success!
logout success!
login success!
logout success!
login success!
logout success!
login success!
logout success!
login success!
logout success!
login success!
logout success!
login success!
logout success!
login success!
logout success!
login success!
logout success!
login success!
logout success!
login success!
logout success!
login success!
logout success!
login success!
logout success!
login success!
logout success!
login success!
logout success!
login success!
logout success!
login success!
logout success!
login success!
logout success!
[AAna] 报告已生成: /Users/cai/code/AAna/2026-04-30-选股报告.md
[AAna] 已推送 GitHub
[AAna v2.4] 生成 2026-04-30 复盘评分报告...
[AAna] 获取 23 只股票收盘数据...
[AAna] 复盘评分报告已生成: /Users/cai/code/AAna/2026-04-30-复盘评分.md
[AAna] 复盘报告已推送 GitHub
[AAna] Git pull: Already up to date.
[AAna v2.4] 生成 2026-05-01 动态选股报告...
[AAna] 从新浪财经获取动态股票池...
[AAna] 获取原始数据: 200 只
[AAna] 筛选后: 27 只
[AAna] 动态股票池: 27 只
[AAna] 获取 27 只股票数据...
login success!
logout success!
login success!
logout success!
login success!
logout success!
login success!
logout success!
login success!
logout success!
login success!
logout success!
login success!
logout success!
login success!
logout success!
login success!
logout success!
login success!
logout success!
login success!
logout success!
login success!
logout success!
login success!
logout success!
login success!
logout success!
login success!
logout success!
login success!
logout success!
login success!
logout success!
login success!
logout success!
login success!
logout success!
login success!
logout success!
login success!
logout success!
login success!
logout success!
login success!
logout success!
login success!
logout success!
login success!
logout success!
login success!
logout success!
login success!
logout success!
[AAna] 报告已生成: /Users/cai/code/AAna/2026-05-01-选股报告.md
[AAna] 早盘快照已保存: /Users/cai/code/AAna/.snapshot_2026-05-01_09_00.json
[AAna] 已推送 GitHub
[AAna] Git pull: Already up to date.
[AAna v2.4] 生成 2026-05-01 动态选股报告...
[AAna] 从新浪财经获取动态股票池...
[AAna] 获取原始数据: 200 只
[AAna] 筛选后: 27 只
[AAna] 动态股票池: 27 只
[AAna] 获取 27 只股票数据...
login success!
logout success!
login success!
logout success!
login success!
logout success!
login success!
logout success!
login success!
logout success!
login success!
logout success!
login success!
logout success!
login success!
logout success!
login success!
logout success!
login success!
logout success!
login success!
logout success!
login success!
logout success!
login success!
logout success!
login success!
logout success!
login success!
logout success!
login success!
logout success!
login success!
logout success!
login success!
logout success!
login success!
logout success!
login success!
logout success!
login success!
logout success!
login success!
logout success!
login success!
logout success!
login success!
logout success!
login success!
logout success!
login success!
logout success!
login success!
logout success!
[AAna] 报告已生成: /Users/cai/code/AAna/2026-05-01-选股报告.md
[AAna] 已推送 GitHub
[AAna v2.4] 生成 2026-05-01 复盘评分报告...
[AAna] 获取 27 只股票收盘数据...
[AAna] 复盘评分报告已生成: /Users/cai/code/AAna/2026-05-01-复盘评分.md
[AAna] 复盘报告已推送 GitHub
[AAna] Git pull: Already up to date.
[AAna v2.4] 生成 2026-05-02 动态选股报告...
[AAna] 从新浪财经获取动态股票池...
[AAna] 获取原始数据: 200 只
[AAna] 筛选后: 27 只
[AAna] 动态股票池: 27 只
[AAna] 获取 27 只股票数据...
login success!
logout success!
login success!
logout success!
login success!
logout success!
login success!
logout success!
login success!
logout success!
login success!
logout success!
login success!
logout success!
login success!
logout success!
login success!
logout success!
login success!
logout success!
login success!
logout success!
login success!
logout success!
login success!
logout success!
login success!
logout success!
login success!
logout success!
login success!
logout success!
login success!
logout success!
login success!
logout success!
login success!
logout success!
login success!
logout success!
login success!
logout success!
login success!
logout success!
login success!
logout success!
login success!
logout success!
login success!
logout success!
login success!
logout success!
login success!
logout success!
[AAna] 报告已生成: /Users/cai/code/AAna/2026-05-02-选股报告.md
[AAna] 早盘快照已保存: /Users/cai/code/AAna/.snapshot_2026-05-02_09_00.json
[AAna] 已推送 GitHub
[AAna] Git pull: Already up to date.
[AAna v2.4] 生成 2026-05-02 动态选股报告...
[AAna] 从新浪财经获取动态股票池...
[AAna] 获取原始数据: 200 只
[AAna] 筛选后: 27 只
[AAna] 动态股票池: 27 只
[AAna] 获取 27 只股票数据...
login success!
logout success!
login success!
logout success!
login success!
logout success!
login success!
logout success!
login success!
logout success!
login success!
logout success!
login success!
logout success!
login success!
logout success!
login success!
logout success!
login success!
logout success!
login success!
logout success!
login success!
logout success!
login success!
logout success!
login success!
logout success!
login success!
logout success!
login success!
logout success!
login success!
logout success!
login success!
logout success!
login success!
logout success!
login success!
logout success!
login success!
logout success!
login success!
logout success!
login success!
logout success!
login success!
logout success!
login success!
logout success!
login success!
logout success!
login success!
logout success!
[AAna] 报告已生成: /Users/cai/code/AAna/2026-05-02-选股报告.md
[AAna] 已推送 GitHub
[AAna v2.4] 生成 2026-05-02 复盘评分报告...
[AAna] 获取 27 只股票收盘数据...
[AAna] 复盘评分报告已生成: /Users/cai/code/AAna/2026-05-02-复盘评分.md
[AAna] 复盘报告已推送 GitHub
[AAna] Git pull: Already up to date.
[AAna v2.4] 生成 2026-05-03 动态选股报告...
[AAna] 从新浪财经获取动态股票池...
[AAna] 获取原始数据: 200 只
[AAna] 筛选后: 27 只
[AAna] 动态股票池: 27 只
[AAna] 获取 27 只股票数据...
login success!
logout success!
login success!
logout success!
login success!
logout success!
login success!
logout success!
login success!
logout success!
login success!
logout success!
login success!
logout success!
login success!
logout success!
login success!
logout success!
login success!
logout success!
login success!
logout success!
login success!
logout success!
login success!
logout success!
login success!
logout success!
login success!
logout success!
login success!
logout success!
login success!
logout success!
login success!
logout success!
login success!
logout success!
login success!
logout success!
login success!
logout success!
login success!
logout success!
login success!
logout success!
login success!
logout success!
login success!
logout success!
login success!
logout success!
login success!
logout success!
[AAna] 报告已生成: /Users/cai/code/AAna/2026-05-03-选股报告.md
[AAna] 早盘快照已保存: /Users/cai/code/AAna/.snapshot_2026-05-03_09_00.json
[AAna] 已推送 GitHub
[AAna] Git pull: Already up to date.
[AAna v2.4] 生成 2026-05-03 动态选股报告...
[AAna] 从新浪财经获取动态股票池...
[AAna] 获取原始数据: 200 只
[AAna] 筛选后: 27 只
[AAna] 动态股票池: 27 只
[AAna] 获取 27 只股票数据...
login success!
logout success!
login success!
logout success!
login success!
logout success!
login success!
logout success!
login success!
logout success!
login success!
logout success!
login success!
logout success!
login success!
logout success!
login success!
logout success!
login success!
logout success!
login success!
logout success!
login success!
logout success!
login success!
logout success!
login success!
logout success!
login success!
logout success!
login success!
logout success!
login success!
logout success!
login success!
logout success!
login success!
logout success!
login success!
logout success!
login success!
logout success!
login success!
logout success!
login success!
logout success!
login success!
logout success!
login success!
logout success!
login success!
logout success!
login success!
logout success!
[AAna] 报告已生成: /Users/cai/code/AAna/2026-05-03-选股报告.md
[AAna] 已推送 GitHub
[AAna v2.4] 生成 2026-05-03 复盘评分报告...
[AAna] 获取 27 只股票收盘数据...
[AAna] 复盘评分报告已生成: /Users/cai/code/AAna/2026-05-03-复盘评分.md
[AAna] 复盘报告已推送 GitHub
[AAna] Git pull: Already up to date.
[AAna v2.4] 生成 2026-05-04 动态选股报告...
[AAna] 从新浪财经获取动态股票池...
[AAna] 获取原始数据: 200 只
[AAna] 筛选后: 27 只
[AAna] 动态股票池: 27 只
[AAna] 获取 27 只股票数据...
login success!
logout success!
login success!
logout success!
login success!
logout success!
login success!
logout success!
login success!
logout success!
login success!
logout success!
login success!
logout success!
login success!
logout success!
login success!
logout success!
login success!
logout success!
login success!
logout success!
login success!
logout success!
login success!
logout success!
login success!
logout success!
login success!
logout success!
login success!
logout success!
login success!
logout success!
login success!
logout success!
login success!
logout success!
login success!
logout success!
login success!
logout success!
login success!
logout success!
login success!
logout success!
login success!
logout success!
login success!
logout success!
login success!
logout success!
login success!
logout success!
[AAna] 报告已生成: /Users/cai/code/AAna/2026-05-04-选股报告.md
[AAna] 早盘快照已保存: /Users/cai/code/AAna/.snapshot_2026-05-04_09_00.json
[AAna] 已推送 GitHub
[AAna] Git pull: Already up to date.
[AAna v2.4] 生成 2026-05-04 动态选股报告...
[AAna] 从新浪财经获取动态股票池...
[AAna] 获取原始数据: 200 只
[AAna] 筛选后: 27 只
[AAna] 动态股票池: 27 只
[AAna] 获取 27 只股票数据...
login success!
logout success!
login success!
logout success!
login success!
logout success!
login success!
logout success!
login success!
logout success!
login success!
logout success!
login success!
logout success!
login success!
logout success!
login success!
logout success!
login success!
logout success!
login success!
logout success!
login success!
logout success!
login success!
logout success!
login success!
logout success!
login success!
logout success!
login success!
logout success!
login success!
logout success!
login success!
logout success!
login success!
logout success!
login success!
logout success!
login success!
logout success!
login success!
logout success!
login success!
logout success!
login success!
logout success!
login success!
logout success!
login success!
logout success!
login success!
logout success!
[AAna] 报告已生成: /Users/cai/code/AAna/2026-05-04-选股报告.md
[AAna] 已推送 GitHub
[AAna v2.4] 生成 2026-05-04 复盘评分报告...
[AAna] 获取 27 只股票收盘数据...
[AAna] 复盘评分报告已生成: /Users/cai/code/AAna/2026-05-04-复盘评分.md
[AAna] 复盘报告已推送 GitHub
[AAna] Git pull: Already up to date.
[AAna v2.4] 生成 2026-05-05 动态选股报告...
[AAna] 从新浪财经获取动态股票池...
[AAna] 获取原始数据: 200 只
[AAna] 筛选后: 27 只
[AAna] 动态股票池: 27 只
[AAna] 获取 27 只股票数据...
login success!
logout success!
login success!
logout success!
login success!
logout success!
login success!
logout success!
login success!
logout success!
login success!
logout success!
login success!
logout success!
login success!
logout success!
login success!
logout success!
login success!
logout success!
login success!
logout success!
login success!
logout success!
login success!
logout success!
login success!
logout success!
login success!
logout success!
login success!
logout success!
login success!
logout success!
login success!
logout success!
login success!
logout success!
login success!
logout success!
login success!
logout success!
login success!
logout success!
login success!
logout success!
login success!
logout success!
login success!
logout success!
login success!
logout success!
login success!
logout success!
[AAna] 报告已生成: /Users/cai/code/AAna/2026-05-05-选股报告.md
[AAna] 已推送 GitHub
[AAna v2.4] 生成 2026-05-05 复盘评分报告...
[AAna] 获取 27 只股票收盘数据...
[AAna] 复盘评分报告已生成: /Users/cai/code/AAna/2026-05-05-复盘评分.md
[AAna] 复盘报告已推送 GitHub
[AAna] Git pull: Already up to date.
[AAna v2.4] 生成 2026-05-06 动态选股报告...
[AAna] 从新浪财经获取动态股票池...
[AAna] 获取原始数据: 200 只
[AAna] 筛选后: 13 只
[AAna] 动态股票池: 13 只
[AAna] 获取 13 只股票数据...
login success!
logout success!
login success!
logout success!
login success!
logout success!
login success!
logout success!
login success!
logout success!
login success!
logout success!
login success!
logout success!
login success!
logout success!
login success!
logout success!
login success!
logout success!
login success!
logout success!
login success!
logout success!
login success!
logout success!
[AAna] 报告已生成: /Users/cai/code/AAna/2026-05-06-选股报告.md
[AAna] 已推送 GitHub
[AAna v2.4] 生成 2026-05-06 复盘评分报告...
[AAna] 获取 27 只股票收盘数据...
[AAna] 复盘评分报告已生成: /Users/cai/code/AAna/2026-05-06-复盘评分.md
[AAna] 复盘报告已推送 GitHub
[AAna] Git pull: Already up to date.
[AAna v2.4] 生成 2026-05-10 动态选股报告...
[AAna] 从新浪财经获取动态股票池...
[AAna] 获取原始数据: 200 只
[AAna] 筛选后: 23 只
[AAna] 动态股票池: 23 只
[AAna] 获取 23 只股票数据...
login success!
logout success!
login success!
logout success!
login success!
logout success!
login success!
logout success!
login success!
logout success!
login success!
logout success!
login success!
logout success!
login success!
logout success!
login success!
logout success!
login success!
logout success!
login success!
logout success!
login success!
logout success!
login success!
logout success!
login success!
logout success!
login success!
logout success!
login success!
logout success!
login success!
logout success!
login success!
logout success!
login success!
logout success!
login success!
logout success!
login success!
logout success!
login success!
logout success!
login success!
logout success!
[AAna] 报告已生成: /Users/cai/code/AAna/reports/2026-05-10-选股报告.md
[AAna] 早盘快照已保存: /Users/cai/code/AAna/reports/.snapshot_2026-05-10_09_00.json
[AAna] 已推送 GitHub
[AAna] Git pull: Already up to date.
[AAna v2.4] 生成 2026-05-10 动态选股报告...
[AAna] 从新浪财经获取动态股票池...
[AAna] 获取原始数据: 200 只
[AAna] 筛选后: 23 只
[AAna] 动态股票池: 23 只
[AAna] 获取 23 只股票数据...
login success!
logout success!
login success!
logout success!
login success!
logout success!
login success!
logout success!
login success!
logout success!
login success!
logout success!
login success!
logout success!
login success!
logout success!
login success!
logout success!
login success!
logout success!
login success!
logout success!
login success!
logout success!
login success!
logout success!
login success!
logout success!
login success!
logout success!
login success!
logout success!
login success!
logout success!
login success!
logout success!
login success!
logout success!
login success!
logout success!
login success!
logout success!
login success!
logout success!
login success!
logout success!
[AAna] 报告已生成: /Users/cai/code/AAna/reports/2026-05-10-选股报告.md
[AAna] 已推送 GitHub
[AAna v2.4] 生成 2026-05-10 复盘评分报告...
[AAna] 获取 23 只股票收盘数据...
[AAna] 复盘评分报告已生成: /Users/cai/code/AAna/reports/2026-05-10-复盘评分.md
[AAna] 复盘报告已推送 GitHub
[AAna] Git pull: Already up to date.
[AAna v2.4] 生成 2026-05-11 动态选股报告...
[AAna] 从新浪财经获取动态股票池...
[AAna] 获取原始数据: 200 只
[AAna] 筛选后: 23 只
[AAna] 动态股票池: 23 只
[AAna] 获取 23 只股票数据...
login success!
logout success!
login success!
logout success!
login success!
logout success!
login success!
logout success!
login success!
logout success!
login success!
logout success!
login success!
logout success!
login success!
logout success!
login success!
logout success!
login success!
logout success!
login success!
logout success!
login success!
logout success!
login success!
logout success!
login success!
logout success!
login success!
logout success!
login success!
logout success!
login success!
logout success!
login success!
logout success!
login success!
logout success!
login success!
logout success!
login success!
logout success!
login success!
logout success!
login success!
logout success!
[AAna] 报告已生成: /Users/cai/code/AAna/reports/2026-05-11-选股报告.md
[AAna] 早盘快照已保存: /Users/cai/code/AAna/reports/.snapshot_2026-05-11_09_00.json
[AAna] 已推送 GitHub
[AAna] Git pull: Already up to date.
[AAna v2.4] 生成 2026-05-11 动态选股报告...
[AAna] 从新浪财经获取动态股票池...
[AAna] 获取原始数据: 200 只
[AAna] 筛选后: 10 只
[AAna] 动态股票池: 10 只
[AAna] 获取 10 只股票数据...
login success!
logout success!
login success!
logout success!
login success!
logout success!
login success!
logout success!
login success!
logout success!
login success!
logout success!
login success!
logout success!
login success!
logout success!
login success!
logout success!
login success!
logout success!
[AAna] 报告已生成: /Users/cai/code/AAna/reports/2026-05-11-选股报告.md
[AAna] 已推送 GitHub
[AAna v2.4] 生成 2026-05-11 复盘评分报告...
[AAna] 获取 23 只股票收盘数据...
[AAna] 复盘评分报告已生成: /Users/cai/code/AAna/reports/2026-05-11-复盘评分.md
[AAna] 复盘报告已推送 GitHub
[AAna] Git pull: Already up to date.
[AAna v2.4] 生成 2026-05-12 动态选股报告...
[AAna] 从新浪财经获取动态股票池...
[AAna] 获取原始数据: 200 只
[AAna] 筛选后: 10 只
[AAna] 动态股票池: 10 只
[AAna] 获取 10 只股票数据...
login success!
logout success!
login success!
logout success!
login success!
logout success!
login success!
logout success!
login success!
logout success!
login success!
logout success!
login success!
logout success!
login success!
logout success!
login success!
logout success!
login success!
logout success!
[AAna] 报告已生成: /Users/cai/code/AAna/reports/2026-05-12-选股报告.md
[AAna] 早盘快照已保存: /Users/cai/code/AAna/reports/.snapshot_2026-05-12_09_00.json
[AAna] 已推送 GitHub
[AAna] Git pull: Already up to date.
[AAna v2.4] 生成 2026-05-12 动态选股报告...
[AAna] 从新浪财经获取动态股票池...
[AAna] 获取原始数据: 200 只
[AAna] 筛选后: 39 只
[AAna] 动态股票池: 39 只
[AAna] 获取 39 只股票数据...
login success!
logout success!
login success!
logout success!
login success!
logout success!
login success!
logout success!
login success!
logout success!
login success!
logout success!
login success!
logout success!
login success!
logout success!
login success!
logout success!
login success!
logout success!
login success!
logout success!
login success!
logout success!
login success!
logout success!
login success!
logout success!
login success!
logout success!
login success!
logout success!
login success!
logout success!
login success!
logout success!
login success!
logout success!
login success!
logout success!
login success!
logout success!
login success!
logout success!
login success!
logout success!
login success!
logout success!
login success!
logout success!
login success!
logout success!
login success!
logout success!
login success!
logout success!
login success!
logout success!
login success!
logout success!
login success!
logout success!
login success!
logout success!
login success!
logout success!
login success!
logout success!
login success!
logout success!
login success!
logout success!
login success!
logout success!
login success!
logout success!
login success!
logout success!
[AAna] 报告已生成: /Users/cai/code/AAna/reports/2026-05-12-选股报告.md
[AAna] 已推送 GitHub
[AAna v2.4] 生成 2026-05-12 复盘评分报告...
[AAna] 获取 10 只股票收盘数据...
[AAna] 复盘评分报告已生成: /Users/cai/code/AAna/reports/2026-05-12-复盘评分.md
[AAna] 复盘报告已推送 GitHub
[AAna] Git pull: Already up to date.
[AAna v2.4] 生成 2026-05-13 动态选股报告...
[AAna] 从新浪财经获取动态股票池...
[AAna] 获取原始数据: 200 只
[AAna] 筛选后: 39 只
[AAna] 动态股票池: 39 只
[AAna] 获取 39 只股票数据...
login success!
logout success!
login success!
logout success!
login success!
logout success!
login success!
logout success!
login success!
logout success!
login success!
logout success!
login success!
logout success!
login success!
logout success!
login success!
logout success!
login success!
logout success!
login success!
logout success!
login success!
logout success!
login success!
logout success!
login success!
logout success!
login success!
logout success!
login success!
logout success!
login success!
logout success!
login success!
logout success!
login success!
logout success!
login success!
logout success!
login success!
logout success!
login success!
logout success!
login success!
logout success!
login success!
logout success!
login success!
logout success!
login success!
logout success!
login success!
logout success!
login success!
logout success!
login success!
logout success!
login success!
logout success!
login success!
logout success!
login success!
logout success!
login success!
logout success!
login success!
logout success!
login success!
logout success!
login success!
logout success!
login success!
logout success!
login success!
logout success!
login success!
logout success!
[AAna] 报告已生成: /Users/cai/code/AAna/reports/2026-05-13-选股报告.md
[AAna] 早盘快照已保存: /Users/cai/code/AAna/reports/.snapshot_2026-05-13_09_00.json
[AAna] 已推送 GitHub
[AAna] Git pull: Already up to date.
[AAna v2.4] 生成 2026-05-13 动态选股报告...
[AAna] 从新浪财经获取动态股票池...
[AAna] 获取原始数据: 200 只
[AAna] 筛选后: 12 只
[AAna] 动态股票池: 12 只
[AAna] 获取 12 只股票数据...
login success!
logout success!
login success!
logout success!
login success!
logout success!
login success!
logout success!
login success!
logout success!
login success!
logout success!
login success!
logout success!
login success!
logout success!
login success!
logout success!
login success!
logout success!
login success!
logout success!
login success!
logout success!
[AAna] 报告已生成: /Users/cai/code/AAna/reports/2026-05-13-选股报告.md
[AAna] 已推送 GitHub
[AAna v2.4] 生成 2026-05-13 复盘评分报告...
[AAna] 获取 39 只股票收盘数据...
[AAna] 复盘评分报告已生成: /Users/cai/code/AAna/reports/2026-05-13-复盘评分.md
[AAna] 复盘报告已推送 GitHub
[AAna] Git pull: Already up to date.
[AAna v2.4] 生成 2026-05-14 动态选股报告...
[AAna] 从新浪财经获取动态股票池...
[AAna] 获取原始数据: 200 只
[AAna] 筛选后: 12 只
[AAna] 动态股票池: 12 只
[AAna] 获取 12 只股票数据...
login success!
logout success!
login success!
logout success!
login success!
logout success!
login success!
logout success!
login success!
logout success!
login success!
logout success!
login success!
logout success!
login success!
logout success!
login success!
logout success!
login success!
logout success!
login success!
logout success!
login success!
logout success!
[AAna] 报告已生成: /Users/cai/code/AAna/reports/2026-05-14-选股报告.md
[AAna] 早盘快照已保存: /Users/cai/code/AAna/reports/.snapshot_2026-05-14_09_00.json
[AAna] 已推送 GitHub
[AAna] Git pull: Already up to date.
[AAna v2.4] 生成 2026-05-14 动态选股报告...
[AAna] 从新浪财经获取动态股票池...
[AAna] 获取原始数据: 200 只
[AAna] 筛选后: 34 只
[AAna] 动态股票池: 34 只
[AAna] 获取 34 只股票数据...
login success!
logout success!
login success!
logout success!
login success!
logout success!
login success!
logout success!
login success!
logout success!
login success!
logout success!
login success!
logout success!
login success!
logout success!
login success!
logout success!
login success!
logout success!
login success!
logout success!
login success!
logout success!
login success!
logout success!
login success!
logout success!
login success!
logout success!
login success!
logout success!
login success!
logout success!
login success!
logout success!
login success!
logout success!
login success!
logout success!
login success!
logout success!
login success!
logout success!
login success!
logout success!
login success!
logout success!
login success!
logout success!
login success!
logout success!
login success!
logout success!
login success!
logout success!
login success!
logout success!
login success!
logout success!
login success!
logout success!
login success!
logout success!
login success!
logout success!
login success!
logout success!
[AAna] 报告已生成: /Users/cai/code/AAna/reports/2026-05-14-选股报告.md
[AAna] 已推送 GitHub
[AAna v2.4] 生成 2026-05-14 复盘评分报告...
[AAna] 获取 12 只股票收盘数据...
[AAna] 复盘评分报告已生成: /Users/cai/code/AAna/reports/2026-05-14-复盘评分.md
[AAna] 复盘报告已推送 GitHub
[AAna] Git pull: Already up to date.
[AAna v2.4] 生成 2026-05-15 动态选股报告...
[AAna] 从新浪财经获取动态股票池...
[AAna] 获取原始数据: 200 只
[AAna] 筛选后: 34 只
[AAna] 动态股票池: 34 只
[AAna] 获取 34 只股票数据...
login success!
logout success!
login success!
logout success!
login success!
logout success!
login success!
logout success!
login success!
logout success!
login success!
logout success!
login success!
logout success!
login success!
logout success!
login success!
logout success!
login success!
logout success!
login success!
logout success!
login success!
logout success!
login success!
logout success!
login success!
logout success!
login success!
logout success!
login success!
logout success!
login success!
logout success!
login success!
logout success!
login success!
logout success!
login success!
logout success!
login success!
logout success!
login success!
logout success!
login success!
logout success!
login success!
logout success!
login success!
logout success!
login success!
logout success!
login success!
logout success!
login success!
logout success!
login success!
logout success!
login success!
logout success!
login success!
logout success!
login success!
logout success!
login success!
logout success!
login success!
logout success!
[AAna] 报告已生成: /Users/cai/code/AAna/reports/2026-05-15-选股报告.md
[AAna] 早盘快照已保存: /Users/cai/code/AAna/reports/.snapshot_2026-05-15_09_00.json
[AAna] 已推送 GitHub
[AAna] Git pull: Already up to date.
[AAna v2.4] 生成 2026-05-15 动态选股报告...
[AAna] 从新浪财经获取动态股票池...
[AAna] 获取原始数据: 200 只
[AAna] 筛选后: 44 只
[AAna] 动态股票池: 44 只
[AAna] 获取 40 只股票数据...
login success!
logout success!
login success!
logout success!
login success!
logout success!
login success!
logout success!
login success!
logout success!
login success!
logout success!
login success!
logout success!
login success!
logout success!
login success!
logout success!
login success!
logout success!
login success!
logout success!
login success!
logout success!
login success!
logout success!
login success!
logout success!
login success!
logout success!
login success!
logout success!
login success!
logout success!
login success!
logout success!
login success!
logout success!
login success!
logout success!
login success!
logout success!
login success!
logout success!
login success!
logout success!
login success!
logout success!
login success!
logout success!
login success!
logout success!
login success!
logout success!
login success!
logout success!
login success!
logout success!
login success!
logout success!
login success!
logout success!
login success!
logout success!
login success!
logout success!
login success!
logout success!
login success!
logout success!
login success!
logout success!
login success!
logout success!
login success!
logout success!
login success!
logout success!
login success!
logout success!
[AAna] 报告已生成: /Users/cai/code/AAna/reports/2026-05-15-选股报告.md
[AAna] 已推送 GitHub
[AAna v2.4] 生成 2026-05-15 复盘评分报告...
[AAna] 获取 34 只股票收盘数据...
[AAna] 复盘评分报告已生成: /Users/cai/code/AAna/reports/2026-05-15-复盘评分.md
[AAna] 复盘报告已推送 GitHub
[AAna] Git pull: Already up to date.
[AAna v2.4] 生成 2026-05-16 动态选股报告...
[AAna] 从新浪财经获取动态股票池...
[AAna] 获取原始数据: 200 只
[AAna] 筛选后: 44 只
[AAna] 动态股票池: 44 只
[AAna] 获取 40 只股票数据...
login success!
logout success!
login success!
logout success!
login success!
logout success!
login success!
logout success!
login success!
logout success!
login success!
logout success!
login success!
logout success!
login success!
logout success!
login success!
logout success!
login success!
logout success!
login success!
logout success!
login success!
logout success!
login success!
logout success!
login success!
logout success!
login success!
logout success!
login success!
logout success!
login success!
logout success!
login success!
logout success!
login success!
logout success!
login success!
logout success!
login success!
logout success!
login success!
logout success!
login success!
logout success!
login success!
logout success!
login success!
logout success!
login success!
logout success!
login success!
logout success!
login success!
logout success!
login success!
logout success!
login success!
logout success!
login success!
logout success!
login success!
logout success!
login success!
logout success!
login success!
logout success!
login success!
logout success!
login success!
logout success!
login success!
logout success!
login success!
logout success!
login success!
logout success!
login success!
logout success!
[AAna] 报告已生成: /Users/cai/code/AAna/reports/2026-05-16-选股报告.md
[AAna] 早盘快照已保存: /Users/cai/code/AAna/reports/.snapshot_2026-05-16_09_00.json
[AAna] 已推送 GitHub
[AAna] Git pull: Already up to date.
[AAna v2.4] 生成 2026-05-16 动态选股报告...
[AAna] 从新浪财经获取动态股票池...
[AAna] 获取原始数据: 200 只
[AAna] 筛选后: 44 只
[AAna] 动态股票池: 44 只
[AAna] 获取 40 只股票数据...
login success!
logout success!
login success!
logout success!
login success!
logout success!
login success!
logout success!
login success!
logout success!
login success!
logout success!
login success!
logout success!
login success!
logout success!
login success!
logout success!
login success!
logout success!
login success!
logout success!
login success!
logout success!
login success!
logout success!
login success!
logout success!
login success!
logout success!
login success!
logout success!
login success!
logout success!
login success!
logout success!
login success!
logout success!
login success!
logout success!
login success!
logout success!
login success!
logout success!
login success!
logout success!
login success!
logout success!
login success!
logout success!
login success!
logout success!
login success!
logout success!
login success!
logout success!
login success!
logout success!
login success!
logout success!
login success!
logout success!
login success!
logout success!
login success!
logout success!
login success!
logout success!
login success!
logout success!
login success!
logout success!
login success!
logout success!
login success!
logout success!
login success!
logout success!
login success!
logout success!
[AAna] 报告已生成: /Users/cai/code/AAna/reports/2026-05-16-选股报告.md
[AAna] 已推送 GitHub
[AAna v2.4] 生成 2026-05-16 复盘评分报告...
[AAna] 获取 40 只股票收盘数据...
[AAna] 复盘评分报告已生成: /Users/cai/code/AAna/reports/2026-05-16-复盘评分.md
[AAna] 复盘报告已推送 GitHub
[AAna] Git pull: Already up to date.
[AAna v2.4] 生成 2026-05-17 动态选股报告...
[AAna] 从新浪财经获取动态股票池...
[AAna] 获取原始数据: 200 只
[AAna] 筛选后: 44 只
[AAna] 动态股票池: 44 只
[AAna] 获取 40 只股票数据...
login success!
logout success!
login success!
logout success!
login success!
logout success!
login success!
logout success!
login success!
logout success!
login success!
logout success!
login success!
logout success!
login success!
logout success!
login success!
logout success!
login success!
logout success!
login success!
logout success!
login success!
logout success!
login success!
logout success!
login success!
logout success!
login success!
logout success!
login success!
logout success!
login success!
logout success!
login success!
logout success!
login success!
logout success!
login success!
logout success!
login success!
logout success!
login success!
logout success!
login success!
logout success!
login success!
logout success!
login success!
logout success!
login success!
logout success!
login success!
logout success!
login success!
logout success!
login success!
logout success!
login success!
logout success!
login success!
logout success!
login success!
logout success!
login success!
logout success!
login success!
logout success!
login success!
logout success!
login success!
logout success!
login success!
logout success!
login success!
logout success!
login success!
logout success!
login success!
logout success!
[AAna] 报告已生成: /Users/cai/code/AAna/reports/2026-05-17-选股报告.md
[AAna] 早盘快照已保存: /Users/cai/code/AAna/reports/.snapshot_2026-05-17_09_00.json
[AAna] 已推送 GitHub
[AAna] Git pull: Already up to date.
[AAna v2.4] 生成 2026-05-17 动态选股报告...
[AAna] 从新浪财经获取动态股票池...
[AAna] 获取原始数据: 200 只
[AAna] 筛选后: 44 只
[AAna] 动态股票池: 44 只
[AAna] 获取 40 只股票数据...
login success!
logout success!
login success!
logout success!
login success!
logout success!
login success!
logout success!
login success!
logout success!
login success!
logout success!
login success!
logout success!
login success!
logout success!
login success!
logout success!
login success!
logout success!
login success!
logout success!
login success!
logout success!
login success!
logout success!
login success!
logout success!
login success!
logout success!
login success!
logout success!
login success!
logout success!
login success!
logout success!
login success!
logout success!
login success!
logout success!
login success!
logout success!
login success!
logout success!
login success!
logout success!
login success!
logout success!
login success!
logout success!
login success!
logout success!
login success!
logout success!
login success!
logout success!
login success!
logout success!
login success!
logout success!
login success!
logout success!
login success!
logout success!
login success!
logout success!
login success!
logout success!
login success!
logout success!
login success!
logout success!
login success!
logout success!
login success!
logout success!
login success!
logout success!
login success!
logout success!
[AAna] 报告已生成: /Users/cai/code/AAna/reports/2026-05-17-选股报告.md
[AAna] 已推送 GitHub
[AAna v2.4] 生成 2026-05-17 复盘评分报告...
[AAna] 获取 40 只股票收盘数据...
[AAna] 复盘评分报告已生成: /Users/cai/code/AAna/reports/2026-05-17-复盘评分.md
[AAna] 复盘报告已推送 GitHub
[AAna] Git pull: Already up to date.
[AAna v2.4] 生成 2026-05-18 动态选股报告...
[AAna] 从新浪财经获取动态股票池...
[AAna] 获取原始数据: 200 只
[AAna] 筛选后: 44 只
[AAna] 动态股票池: 44 只
[AAna] 获取 40 只股票数据...
login success!
logout success!
login success!
logout success!
login success!
logout success!
login success!
logout success!
login success!
logout success!
login success!
logout success!
login success!
logout success!
login success!
logout success!
login success!
logout success!
login success!
logout success!
login success!
logout success!
login success!
logout success!
login success!
logout success!
login success!
logout success!
login success!
logout success!
login success!
logout success!
login success!
logout success!
login success!
logout success!
login success!
logout success!
login success!
logout success!
login success!
logout success!
login success!
logout success!
login success!
logout success!
login success!
logout success!
login success!
logout success!
login success!
logout success!
login success!
logout success!
login success!
logout success!
login success!
logout success!
login success!
logout success!
login success!
logout success!
login success!
logout failed!
login success!
logout success!
login success!
logout failed!
login success!
logout success!
login success!
logout success!
login success!
logout failed!
login success!
logout success!
login success!
logout failed!
login success!
logout success!
[AAna] 报告已生成: /Users/cai/code/AAna/reports/2026-05-18-选股报告.md
[AAna] 早盘快照已保存: /Users/cai/code/AAna/reports/.snapshot_2026-05-18_09_00.json
[AAna] 已推送 GitHub
[AAna] Git pull: Already up to date.
[AAna v2.4] 生成 2026-05-18 动态选股报告...
[AAna] 从新浪财经获取动态股票池...
[AAna] 获取原始数据: 200 只
[AAna] 筛选后: 25 只
[AAna] 动态股票池: 25 只
[AAna] 获取 25 只股票数据...
服务器连接失败，请稍后再试。
[Errno 32] Broken pipe
接收数据异常，请稍后再试。
[Errno 32] Broken pipe
接收数据异常，请稍后再试。
[Errno 32] Broken pipe
接收数据异常，请稍后再试。
服务器连接失败，请稍后再试。
[Errno 32] Broken pipe
接收数据异常，请稍后再试。
[Errno 32] Broken pipe
接收数据异常，请稍后再试。
[Errno 32] Broken pipe
接收数据异常，请稍后再试。
服务器连接失败，请稍后再试。
[Errno 32] Broken pipe
接收数据异常，请稍后再试。
[Errno 32] Broken pipe
接收数据异常，请稍后再试。
[Errno 32] Broken pipe
接收数据异常，请稍后再试。
服务器连接失败，请稍后再试。
[Errno 32] Broken pipe
接收数据异常，请稍后再试。
[Errno 32] Broken pipe
接收数据异常，请稍后再试。
[Errno 32] Broken pipe
接收数据异常，请稍后再试。
服务器连接失败，请稍后再试。
[Errno 32] Broken pipe
接收数据异常，请稍后再试。
[Errno 32] Broken pipe
接收数据异常，请稍后再试。
[Errno 32] Broken pipe
接收数据异常，请稍后再试。
服务器连接失败，请稍后再试。
[Errno 32] Broken pipe
接收数据异常，请稍后再试。
[Errno 32] Broken pipe
接收数据异常，请稍后再试。
[Errno 32] Broken pipe
接收数据异常，请稍后再试。
服务器连接失败，请稍后再试。
[Errno 32] Broken pipe
接收数据异常，请稍后再试。
[Errno 32] Broken pipe
接收数据异常，请稍后再试。
[Errno 32] Broken pipe
接收数据异常，请稍后再试。
服务器连接失败，请稍后再试。
[Errno 32] Broken pipe
接收数据异常，请稍后再试。
[Errno 32] Broken pipe
接收数据异常，请稍后再试。
[Errno 32] Broken pipe
接收数据异常，请稍后再试。
服务器连接失败，请稍后再试。
[Errno 32] Broken pipe
接收数据异常，请稍后再试。
[Errno 32] Broken pipe
接收数据异常，请稍后再试。
[Errno 32] Broken pipe
接收数据异常，请稍后再试。
服务器连接失败，请稍后再试。
[Errno 32] Broken pipe
接收数据异常，请稍后再试。
[Errno 32] Broken pipe
接收数据异常，请稍后再试。
[Errno 32] Broken pipe
接收数据异常，请稍后再试。
服务器连接失败，请稍后再试。
[Errno 32] Broken pipe
接收数据异常，请稍后再试。
[Errno 32] Broken pipe
接收数据异常，请稍后再试。
[Errno 32] Broken pipe
接收数据异常，请稍后再试。
服务器连接失败，请稍后再试。
[Errno 32] Broken pipe
接收数据异常，请稍后再试。
[Errno 32] Broken pipe
接收数据异常，请稍后再试。
[Errno 32] Broken pipe
接收数据异常，请稍后再试。
服务器连接失败，请稍后再试。
[Errno 32] Broken pipe
接收数据异常，请稍后再试。
[Errno 32] Broken pipe
接收数据异常，请稍后再试。
[Errno 32] Broken pipe
接收数据异常，请稍后再试。
服务器连接失败，请稍后再试。
[Errno 32] Broken pipe
接收数据异常，请稍后再试。
[Errno 32] Broken pipe
接收数据异常，请稍后再试。
[Errno 32] Broken pipe
接收数据异常，请稍后再试。
服务器连接失败，请稍后再试。
[Errno 32] Broken pipe
接收数据异常，请稍后再试。
[Errno 32] Broken pipe
接收数据异常，请稍后再试。
[Errno 32] Broken pipe
接收数据异常，请稍后再试。
服务器连接失败，请稍后再试。
[Errno 32] Broken pipe
接收数据异常，请稍后再试。
[Errno 32] Broken pipe
接收数据异常，请稍后再试。
[Errno 32] Broken pipe
接收数据异常，请稍后再试。
服务器连接失败，请稍后再试。
[Errno 32] Broken pipe
接收数据异常，请稍后再试。
[Errno 32] Broken pipe
接收数据异常，请稍后再试。
[Errno 32] Broken pipe
接收数据异常，请稍后再试。
服务器连接失败，请稍后再试。
[Errno 32] Broken pipe
接收数据异常，请稍后再试。
[Errno 32] Broken pipe
接收数据异常，请稍后再试。
[Errno 32] Broken pipe
接收数据异常，请稍后再试。
服务器连接失败，请稍后再试。
[Errno 32] Broken pipe
接收数据异常，请稍后再试。
[Errno 32] Broken pipe
接收数据异常，请稍后再试。
[Errno 32] Broken pipe
接收数据异常，请稍后再试。
服务器连接失败，请稍后再试。
[Errno 32] Broken pipe
接收数据异常，请稍后再试。
[Errno 32] Broken pipe
接收数据异常，请稍后再试。
[Errno 32] Broken pipe
接收数据异常，请稍后再试。
服务器连接失败，请稍后再试。
[Errno 32] Broken pipe
接收数据异常，请稍后再试。
[Errno 32] Broken pipe
接收数据异常，请稍后再试。
[Errno 32] Broken pipe
接收数据异常，请稍后再试。
服务器连接失败，请稍后再试。
[Errno 32] Broken pipe
接收数据异常，请稍后再试。
[Errno 32] Broken pipe
接收数据异常，请稍后再试。
[Errno 32] Broken pipe
接收数据异常，请稍后再试。
服务器连接失败，请稍后再试。
[Errno 32] Broken pipe
接收数据异常，请稍后再试。
[Errno 32] Broken pipe
接收数据异常，请稍后再试。
[Errno 32] Broken pipe
接收数据异常，请稍后再试。
服务器连接失败，请稍后再试。
[Errno 32] Broken pipe
接收数据异常，请稍后再试。
[Errno 32] Broken pipe
接收数据异常，请稍后再试。
[Errno 32] Broken pipe
接收数据异常，请稍后再试。
服务器连接失败，请稍后再试。
[Errno 32] Broken pipe
接收数据异常，请稍后再试。
[Errno 32] Broken pipe
接收数据异常，请稍后再试。
[Errno 32] Broken pipe
接收数据异常，请稍后再试。
[AAna] 报告已生成: /Users/cai/code/AAna/reports/2026-05-18-选股报告.md
[AAna] 已推送 GitHub
[AAna v2.4] 生成 2026-05-18 复盘评分报告...
[AAna] 获取 40 只股票收盘数据...
[AAna] 复盘评分报告已生成: /Users/cai/code/AAna/reports/2026-05-18-复盘评分.md
[AAna] 复盘报告已推送 GitHub
[AAna] Git pull: Already up to date.
[AAna v2.4] 生成 2026-05-19 动态选股报告...
[AAna] 从新浪财经获取动态股票池...
[AAna] 获取原始数据: 200 只
[AAna] 筛选后: 25 只
[AAna] 动态股票池: 25 只
[AAna] 获取 25 只股票数据...
login success!
logout success!
login success!
logout success!
login success!
logout success!
login success!
logout success!
login success!
logout success!
login success!
logout success!
login success!
logout success!
login success!
logout success!
login success!
logout success!
login success!
logout success!
login success!
logout success!
login success!
logout success!
login success!
logout success!
login success!
logout success!
login success!
logout success!
login success!
logout success!
login success!
logout success!
login success!
logout success!
login success!
logout success!
login success!
logout success!
login success!
logout success!
login success!
logout success!
login success!
logout success!
login success!
logout success!
login success!
logout success!
[AAna] 报告已生成: /Users/cai/code/AAna/reports/2026-05-19-选股报告.md
[AAna] 早盘快照已保存: /Users/cai/code/AAna/reports/.snapshot_2026-05-19_09_00.json
[AAna] 已推送 GitHub
[AAna] Git pull: Already up to date.
[AAna v2.4] 生成 2026-05-19 动态选股报告...
[AAna] 从新浪财经获取动态股票池...
[AAna] 获取原始数据: 200 只
[AAna] 筛选后: 24 只
[AAna] 动态股票池: 24 只
[AAna] 获取 24 只股票数据...
login success!
logout success!
login success!
logout success!
login success!
logout success!
login success!
logout success!
login success!
logout success!
login success!
logout success!
login success!
logout success!
login success!
logout success!
login success!
logout success!
login success!
logout success!
login success!
logout success!
login success!
logout success!
login success!
logout success!
login success!
logout success!
login success!
logout success!
login success!
logout success!
login success!
logout success!
login success!
logout success!
login success!
logout success!
login success!
logout success!
login success!
logout success!
login success!
logout success!
login success!
logout success!
login success!
logout success!
[AAna] 报告已生成: /Users/cai/code/AAna/reports/2026-05-19-选股报告.md
[AAna] 已推送 GitHub
[AAna v2.4] 生成 2026-05-19 复盘评分报告...
[AAna] 获取 25 只股票收盘数据...
[AAna] 复盘评分报告已生成: /Users/cai/code/AAna/reports/2026-05-19-复盘评分.md
[AAna] 复盘报告已推送 GitHub
[AAna] Git pull: Already up to date.
[AAna v2.4] 生成 2026-05-20 动态选股报告...
[AAna] 从新浪财经获取动态股票池...
[AAna] 获取原始数据: 200 只
[AAna] 筛选后: 24 只
[AAna] 动态股票池: 24 只
[AAna] 获取 24 只股票数据...
login success!
logout success!
login success!
logout success!
login success!
logout success!
login success!
logout success!
login success!
logout success!
login success!
logout success!
login success!
logout success!
login success!
logout success!
login success!
logout success!
login success!
logout success!
login success!
logout success!
login success!
logout success!
login success!
logout success!
login success!
logout success!
login success!
logout success!
login success!
logout success!
login success!
logout success!
login success!
logout success!
login success!
logout success!
login success!
logout success!
login success!
logout success!
login success!
logout success!
login success!
logout success!
login success!
logout success!
[AAna] 报告已生成: /Users/cai/code/AAna/reports/2026-05-20-选股报告.md
[AAna] 早盘快照已保存: /Users/cai/code/AAna/reports/.snapshot_2026-05-20_09_00.json
[AAna] 已推送 GitHub
[AAna] Git pull: Already up to date.
[AAna v2.4] 生成 2026-05-20 动态选股报告...
[AAna] 从新浪财经获取动态股票池...
[AAna] 获取原始数据: 200 只
[AAna] 筛选后: 26 只
[AAna] 动态股票池: 26 只
[AAna] 获取 26 只股票数据...
login success!
logout success!
login success!
logout success!
login success!
logout success!
login success!
logout success!
login success!
logout success!
login success!
logout success!
login success!
logout success!
login success!
logout success!
login success!
logout success!
login success!
logout success!
login success!
logout success!
login success!
logout success!
login success!
logout success!
login success!
logout success!
login success!
logout success!
login success!
logout success!
login success!
logout success!
login success!
logout success!
login success!
logout success!
login success!
logout success!
login success!
logout success!
login success!
logout success!
login success!
logout success!
login success!
logout success!
login success!
logout success!
login success!
logout success!
[AAna] 报告已生成: /Users/cai/code/AAna/reports/2026-05-20-选股报告.md
[AAna] 已推送 GitHub
[AAna v2.4] 生成 2026-05-20 复盘评分报告...
[AAna] 获取 24 只股票收盘数据...
[AAna] 复盘评分报告已生成: /Users/cai/code/AAna/reports/2026-05-20-复盘评分.md
[AAna] 复盘报告已推送 GitHub
[AAna] Git pull: Already up to date.
[AAna v2.4] 生成 2026-05-21 动态选股报告...
[AAna] 从新浪财经获取动态股票池...
[AAna] 获取原始数据: 200 只
[AAna] 筛选后: 26 只
[AAna] 动态股票池: 26 只
[AAna] 获取 26 只股票数据...
login success!
logout success!
login success!
logout success!
login success!
logout success!
login success!
logout success!
login success!
logout success!
login success!
logout success!
login success!
logout success!
login success!
logout success!
login success!
logout success!
login success!
logout success!
login success!
logout success!
login success!
logout success!
login success!
logout success!
login success!
logout success!
login success!
logout success!
login success!
logout success!
login success!
logout success!
login success!
logout success!
login success!
logout success!
login success!
logout success!
login success!
logout failed!
login success!
logout success!
login success!
logout success!
login success!
logout success!
login success!
logout success!
login success!
logout failed!
[AAna] 报告已生成: /Users/cai/code/AAna/reports/2026-05-21-选股报告.md
[AAna] 早盘快照已保存: /Users/cai/code/AAna/reports/.snapshot_2026-05-21_09_00.json
[AAna] 已推送 GitHub
[AAna] Git pull: Already up to date.
[AAna v2.4] 生成 2026-05-21 动态选股报告...
[AAna] 从新浪财经获取动态股票池...
[AAna] 获取原始数据: 200 只
[AAna] 筛选后: 52 只
[AAna] 动态股票池: 50 只
[AAna] 获取 40 只股票数据...
login success!
logout success!
login success!
logout success!
login success!
logout success!
login success!
logout success!
login success!
logout success!
login success!
logout success!
login success!
logout success!
login success!
logout success!
login success!
logout success!
login success!
logout success!
login success!
logout success!
login success!
logout success!
login success!
logout success!
login success!
logout success!
login success!
logout success!
login success!
logout success!
login success!
logout success!
login success!
logout success!
login success!
logout success!
login success!
logout success!
login success!
logout success!
login success!
logout success!
login success!
logout success!
login success!
logout success!
login success!
logout success!
login success!
logout success!
login success!
logout success!
login success!
logout success!
login success!
logout success!
login success!
logout success!
login success!
logout success!
login success!
logout success!
login success!
logout success!
login success!
logout success!
login success!
logout success!
login success!
logout success!
login success!
logout success!
login success!
logout success!
login success!
logout success!
login success!
logout success!
[AAna] 报告已生成: /Users/cai/code/AAna/reports/2026-05-21-选股报告.md
[AAna] 已推送 GitHub
[AAna v2.4] 生成 2026-05-21 复盘评分报告...
[AAna] 获取 26 只股票收盘数据...
[AAna] 复盘评分报告已生成: /Users/cai/code/AAna/reports/2026-05-21-复盘评分.md
[AAna] 复盘报告已推送 GitHub
[AAna] Git pull: Already up to date.
[AAna v2.4] 生成 2026-05-22 动态选股报告...
[AAna] 从新浪财经获取动态股票池...
[Sina] Page 1 failed: Expecting value: line 1 column 1 (char 0)
[AAna] 获取原始数据: 0 只
[AAna] 动态股票池: 0 只
[AAna] 获取 0 只股票数据...
[AAna] 报告已生成: /Users/cai/code/AAna/reports/2026-05-22-选股报告.md
[AAna] 早盘快照已保存: /Users/cai/code/AAna/reports/.snapshot_2026-05-22_09_00.json
[AAna] 已推送 GitHub
[AAna] Git pull: Already up to date.
[AAna v2.4] 生成 2026-05-22 动态选股报告...
[AAna] 从新浪财经获取动态股票池...
[AAna] 获取原始数据: 200 只
[AAna] 筛选后: 1 只
[AAna] 动态股票池: 1 只
[AAna] 获取 1 只股票数据...
login success!
logout success!
[AAna] 报告已生成: /Users/cai/code/AAna/reports/2026-05-22-选股报告.md
[AAna] 已推送 GitHub
[AAna v2.4] 生成 2026-05-22 复盘评分报告...
[AAna] 早盘快照数据为空，跳过复盘报告
[AAna] Git pull: Already up to date.
[AAna v2.4] 生成 2026-05-23 动态选股报告...
[AAna] 从新浪财经获取动态股票池...
[AAna] 获取原始数据: 200 只
[AAna] 筛选后: 1 只
[AAna] 动态股票池: 1 只
[AAna] 获取 1 只股票数据...
login success!
logout success!
[AAna] 报告已生成: /Users/cai/code/AAna/reports/2026-05-23-选股报告.md
[AAna] 早盘快照已保存: /Users/cai/code/AAna/reports/.snapshot_2026-05-23_09_00.json
[AAna] 已推送 GitHub
[AAna] Git pull: Already up to date.
[AAna v2.5] 生成 2026-05-23 动态选股报告...
[情绪] 涨跌停统计失败: 'NoneType' object has no attribute 'get'
[情绪] 涨停:10 跌停:3 上证:-98.05%
[情绪] 冰点 | 涨停10 跌停3 平均涨跌-98.05%
[AAna] 动态股票池: 1 只
[资金流] 获取失败: 'NoneType' object has no attribute 'get'
[资金流] 获取 1 只资金数据
[AAna] 获取 1 只股票数据...
[情绪] 北向资金失败: 'NoneType' object has no attribute 'get'
[AAna v2.5] 生成 2026-05-23 复盘评分报告...
[AAna] 获取 1 只股票收盘数据...
[模拟交易] No module named 'data'
[AAna] 复盘评分报告已生成: /Users/cai/code/AAna/reports/2026-05-23-复盘评分.md
[AAna] 复盘报告已推送 GitHub
[AAna] 新模块加载失败: No module named 'fund_tracker'，使用简化版
[AAna] Git pull: Already up to date.
[AAna] 清理过期报告: 2026-05-17-选股报告.md
[AAna] 共清理 1 个过期文件
[AAna v2.5] 生成 2026-05-25 动态选股报告...
[AAna] 从新浪财经获取动态股票池...
[Sina] Page 5 failed: Expecting value: line 1 column 1 (char 0)
[AAna] 获取原始数据: 160 只
[AAna] 筛选后: 0 只
[AAna] 动态股票池: 0 只
[AAna] 获取 0 只股票数据...
Traceback (most recent call last):
  File "/Users/cai/code/AAna/scripts/generate_report.py", line 1253, in <module>
    generate_report()
  File "/Users/cai/code/AAna/scripts/generate_report.py", line 855, in generate_report
    content += (
IndexError: Replacement index 1 out of range for positional args tuple
[AAna] 新模块加载失败: No module named 'fund_tracker'，使用简化版
[AAna] Git pull: Already up to date.
[AAna] 清理过期报告: 2026-05-18-选股报告.md
[AAna] 共清理 1 个过期文件
[AAna v2.5] 生成 2026-05-25 动态选股报告...
[AAna] 从新浪财经获取动态股票池...
[AAna] 获取原始数据: 200 只
[AAna] 筛选后: 77 只
[AAna] 动态股票池: 50 只
[AAna] 获取 40 只股票数据...
login success!
logout success!
login success!
logout success!
login success!
logout success!
login success!
logout success!
login success!
logout success!
login success!
logout success!
login success!
logout success!
login success!
logout success!
login success!
logout success!
login success!
logout success!
login success!
logout success!
login success!
logout success!
login success!
logout success!
login success!
logout success!
login success!
logout success!
login success!
logout success!
login success!
logout success!
login success!
logout success!
login success!
logout success!
login success!
logout success!
login success!
logout success!
login success!
logout success!
login success!
logout success!
login success!
logout success!
login success!
logout success!
login success!
logout success!
login success!
logout success!
login success!
logout success!
login success!
logout success!
login success!
logout success!
login success!
logout success!
login success!
logout success!
login success!
logout success!
login success!
logout success!
login success!
logout success!
login success!
logout success!
login success!
logout success!
login success!
logout success!
login success!
logout success!
login success!
logout success!
[AAna] 选股报告已生成: /Users/cai/code/AAna/reports/2026-05-25-选股报告.md
[AAna v2.5] 生成 2026-05-25 复盘评分报告...
[AAna] 早盘快照不存在: /Users/cai/code/AAna/reports/.snapshot_2026-05-25_09_00.json，跳过复盘报告
[AAna] 新模块加载失败: No module named 'fund_tracker'，使用简化版
[AAna] Git pull: Already up to date.
[AAna v2.5] 生成 2026-05-26 动态选股报告...
[AAna] 从新浪财经获取动态股票池...
[AAna] 获取原始数据: 200 只
[AAna] 筛选后: 77 只
[AAna] 动态股票池: 50 只
[AAna] 获取 40 只股票数据...
login success!
logout success!
login success!
logout failed!
login success!
logout success!
login success!
logout success!
login success!
logout success!
login success!
logout success!
login success!
logout success!
login success!
logout success!
login success!
logout failed!
login success!
logout success!
login success!
logout success!
login success!
logout failed!
login success!
logout failed!
login success!
logout success!
login success!
logout success!
login success!
logout success!
login success!
logout success!
login success!
logout success!
login success!
logout failed!
login success!
logout failed!
login success!
logout success!
login success!
logout success!
login success!
logout success!
login success!
logout failed!
login success!
logout success!
login success!
logout success!
login success!
logout failed!
login success!
logout success!
login success!
logout success!
login success!
logout success!
login success!
logout success!
login success!
logout success!
login success!
logout success!
login success!
logout success!
login success!
logout success!
login success!
logout success!
login success!
logout success!
login success!
logout success!
login success!
logout success!
login success!
logout success!
[AAna] 选股报告已生成: /Users/cai/code/AAna/reports/2026-05-26-选股报告.md
[AAna] 新模块加载失败: No module named 'fund_tracker'，使用简化版
[AAna] Git pull: Already up to date.
[AAna] 清理过期报告: 2026-05-19-尾盘选股.md
[AAna] 共清理 1 个过期文件
[AAna v2.5] 生成 2026-05-26 动态选股报告...
[AAna] 从新浪财经获取动态股票池...
[AAna] 获取原始数据: 200 只
[AAna] 筛选后: 113 只
[AAna] 动态股票池: 50 只
[AAna] 获取 40 只股票数据...
login success!
logout success!
login success!
logout success!
login success!
logout success!
login success!
logout success!
login success!
logout success!
login success!
logout success!
login success!
logout success!
login success!
logout success!
login success!
logout success!
login success!
logout success!
login success!
logout success!
login success!
logout success!
login success!
logout success!
login success!
logout success!
login success!
logout success!
login success!
logout success!
login success!
logout success!
login success!
logout success!
login success!
logout success!
login success!
logout success!
login success!
logout success!
login success!
logout success!
login success!
logout success!
login success!
logout success!
login success!
logout success!
login success!
logout success!
login success!
logout success!
login success!
logout success!
login success!
logout success!
login success!
logout success!
login success!
logout success!
login success!
logout success!
login success!
logout success!
login success!
logout success!
login success!
logout success!
login success!
logout success!
login success!
logout success!
login success!
logout success!
login success!
logout success!
login success!
logout success!
[AAna] 选股报告已生成: /Users/cai/code/AAna/reports/2026-05-26-选股报告.md
[AAna v2.5] 生成 2026-05-26 复盘评分报告...
[AAna] 早盘快照不存在: /Users/cai/code/AAna/reports/.snapshot_2026-05-26_09_00.json，跳过复盘报告
[AAna] 新模块加载失败: No module named 'fund_tracker'，使用简化版
[AAna] Git pull: Already up to date.
[AAna] 清理过期报告: 2026-05-19-选股报告.md
[AAna] 共清理 1 个过期文件
[AAna v2.5] 生成 2026-05-27 动态选股报告...
[AAna] 从新浪财经获取动态股票池...
[AAna] 获取原始数据: 200 只
[AAna] 筛选后: 113 只
[AAna] 动态股票池: 50 只
[AAna] 获取 40 只股票数据...
login success!
logout success!
login success!
logout success!
login success!
logout success!
login success!
logout success!
login success!
logout success!
login success!
logout success!
login success!
logout success!
login success!
logout success!
login success!
logout success!
login success!
logout success!
login success!
logout success!
login success!
logout success!
login success!
logout success!
login success!
logout success!
login success!
logout success!
login success!
logout success!
login success!
logout success!
login success!
logout success!
login success!
logout success!
login success!
logout success!
login success!
logout success!
login success!
logout success!
login success!
logout success!
login success!
logout success!
login success!
logout success!
login success!
logout success!
login success!
logout success!
login success!
logout success!
login success!
logout success!
login success!
logout success!
login success!
logout success!
login success!
logout success!
login success!
logout success!
login success!
logout success!
login success!
logout success!
login success!
logout success!
login success!
logout success!
login success!
logout success!
login success!
logout success!
login success!
logout failed!
[AAna] 选股报告已生成: /Users/cai/code/AAna/reports/2026-05-27-选股报告.md
[AAna] 新模块加载失败: No module named 'fund_tracker'，使用简化版
[AAna] Git pull: Already up to date.
[AAna v2.5] 生成 2026-05-27 动态选股报告...
[AAna] 从新浪财经获取动态股票池...
[AAna] 获取原始数据: 200 只
[AAna] 筛选后: 88 只
[AAna] 动态股票池: 50 只
[AAna] 获取 40 只股票数据...
login success!
logout success!
login success!
logout success!
login success!
logout success!
login success!
logout success!
login success!
logout success!
login success!
logout success!
login success!
logout success!
login success!
logout success!
login success!
logout success!
login success!
logout success!
login success!
logout success!
login success!
logout success!
login success!
logout success!
login success!
logout success!
login success!
logout success!
login success!
logout success!
login success!
logout success!
login success!
logout success!
login success!
logout success!
login success!
logout success!
login success!
logout success!
login success!
logout success!
login success!
logout success!
login success!
logout success!
login success!
logout success!
login success!
logout success!
login success!
logout success!
login success!
logout success!
login success!
logout success!
login success!
logout success!
login success!
logout success!
login success!
logout success!
login success!
logout success!
login success!
logout success!
login success!
logout success!
login success!
logout success!
login success!
logout success!
login success!
logout success!
login success!
logout success!
login success!
logout success!
[AAna] 选股报告已生成: /Users/cai/code/AAna/reports/2026-05-27-选股报告.md
[AAna v2.5] 生成 2026-05-27 复盘评分报告...
[AAna] 早盘快照不存在: /Users/cai/code/AAna/reports/.snapshot_2026-05-27_09_00.json，跳过复盘报告
[AAna] 新模块加载失败: No module named 'fund_tracker'，使用简化版
[AAna] Git pull: Already up to date.
[AAna] 清理过期报告: 2026-05-20-选股报告.md
[AAna] 共清理 1 个过期文件
[AAna v2.5] 生成 2026-05-28 动态选股报告...
[AAna] 从新浪财经获取动态股票池...
[AAna] 获取原始数据: 200 只
[AAna] 筛选后: 88 只
[AAna] 动态股票池: 50 只
[AAna] 获取 40 只股票数据...
login success!
logout success!
login success!
logout success!
login success!
logout success!
login success!
logout success!
login success!
logout success!
login success!
logout success!
login success!
logout success!
login success!
logout success!
login success!
logout success!
login success!
logout success!
login success!
logout success!
login success!
logout success!
login success!
logout success!
login success!
logout success!
login success!
logout success!
login success!
logout success!
login success!
logout success!
login success!
logout success!
login success!
logout success!
login success!
logout success!
login success!
logout success!
login success!
logout success!
login success!
logout success!
login success!
logout success!
login success!
logout success!
login success!
logout success!
login success!
logout success!
login success!
logout failed!
login success!
logout success!
login success!
logout success!
login success!
logout success!
login success!
logout success!
login success!
logout failed!
login success!
logout success!
login success!
logout success!
login success!
logout failed!
login success!
logout failed!
login success!
logout success!
login success!
logout success!
login success!
logout success!
[AAna] 选股报告已生成: /Users/cai/code/AAna/reports/2026-05-28-选股报告.md
[AAna] 新模块加载失败: No module named 'fund_tracker'，使用简化版
[AAna] Git pull: Already up to date.
[AAna] 清理过期报告: 2026-05-21-尾盘选股.md
[AAna] 共清理 1 个过期文件
[AAna v2.5] 生成 2026-05-28 动态选股报告...
[AAna] 从新浪财经获取动态股票池...
[AAna] 获取原始数据: 200 只
[AAna] 筛选后: 92 只
[AAna] 动态股票池: 50 只
[AAna] 获取 40 只股票数据...
login success!
logout success!
login success!
logout success!
login success!
logout success!
login success!
logout success!
login success!
logout success!
login success!
logout success!
login success!
logout success!
login success!
logout success!
login success!
logout success!
login success!
logout success!
login success!
logout success!
login success!
logout success!
login success!
logout success!
login success!
logout success!
login success!
logout success!
login success!
logout success!
[Errno 54] Connection reset by peer
接收数据异常，请稍后再试。
[Errno 32] Broken pipe
接收数据异常，请稍后再试。
[Errno 32] Broken pipe
接收数据异常，请稍后再试。
服务器连接失败，请稍后再试。
[Errno 32] Broken pipe
接收数据异常，请稍后再试。
[Errno 32] Broken pipe
接收数据异常，请稍后再试。
[Errno 32] Broken pipe
接收数据异常，请稍后再试。
服务器连接失败，请稍后再试。
[Errno 32] Broken pipe
接收数据异常，请稍后再试。
[Errno 32] Broken pipe
接收数据异常，请稍后再试。
[Errno 32] Broken pipe
接收数据异常，请稍后再试。
服务器连接失败，请稍后再试。
[Errno 32] Broken pipe
接收数据异常，请稍后再试。
[Errno 32] Broken pipe
接收数据异常，请稍后再试。
[Errno 32] Broken pipe
接收数据异常，请稍后再试。
服务器连接失败，请稍后再试。
[Errno 32] Broken pipe
接收数据异常，请稍后再试。
[Errno 32] Broken pipe
接收数据异常，请稍后再试。
[Errno 32] Broken pipe
接收数据异常，请稍后再试。
服务器连接失败，请稍后再试。
[Errno 32] Broken pipe
接收数据异常，请稍后再试。
[Errno 32] Broken pipe
接收数据异常，请稍后再试。
[Errno 32] Broken pipe
接收数据异常，请稍后再试。
服务器连接失败，请稍后再试。
[Errno 32] Broken pipe
接收数据异常，请稍后再试。
[Errno 32] Broken pipe
接收数据异常，请稍后再试。
[Errno 32] Broken pipe
接收数据异常，请稍后再试。
服务器连接失败，请稍后再试。
[Errno 32] Broken pipe
接收数据异常，请稍后再试。
[Errno 32] Broken pipe
接收数据异常，请稍后再试。
[Errno 32] Broken pipe
接收数据异常，请稍后再试。
服务器连接失败，请稍后再试。
[Errno 32] Broken pipe
接收数据异常，请稍后再试。
[Errno 32] Broken pipe
接收数据异常，请稍后再试。
[Errno 32] Broken pipe
接收数据异常，请稍后再试。
服务器连接失败，请稍后再试。
[Errno 32] Broken pipe
接收数据异常，请稍后再试。
[Errno 32] Broken pipe
接收数据异常，请稍后再试。
[Errno 32] Broken pipe
接收数据异常，请稍后再试。
服务器连接失败，请稍后再试。
[Errno 32] Broken pipe
接收数据异常，请稍后再试。
[Errno 32] Broken pipe
接收数据异常，请稍后再试。
[Errno 32] Broken pipe
接收数据异常，请稍后再试。
服务器连接失败，请稍后再试。
[Errno 32] Broken pipe
接收数据异常，请稍后再试。
[Errno 32] Broken pipe
接收数据异常，请稍后再试。
[Errno 32] Broken pipe
接收数据异常，请稍后再试。
服务器连接失败，请稍后再试。
[Errno 32] Broken pipe
接收数据异常，请稍后再试。
[Errno 32] Broken pipe
接收数据异常，请稍后再试。
[Errno 32] Broken pipe
接收数据异常，请稍后再试。
服务器连接失败，请稍后再试。
[Errno 32] Broken pipe
接收数据异常，请稍后再试。
[Errno 32] Broken pipe
接收数据异常，请稍后再试。
[Errno 32] Broken pipe
接收数据异常，请稍后再试。
服务器连接失败，请稍后再试。
[Errno 32] Broken pipe
接收数据异常，请稍后再试。
[Errno 32] Broken pipe
接收数据异常，请稍后再试。
[Errno 32] Broken pipe
接收数据异常，请稍后再试。
服务器连接失败，请稍后再试。
[Errno 32] Broken pipe
接收数据异常，请稍后再试。
[Errno 32] Broken pipe
接收数据异常，请稍后再试。
[Errno 32] Broken pipe
接收数据异常，请稍后再试。
服务器连接失败，请稍后再试。
[Errno 32] Broken pipe
接收数据异常，请稍后再试。
[Errno 32] Broken pipe
接收数据异常，请稍后再试。
[Errno 32] Broken pipe
接收数据异常，请稍后再试。
服务器连接失败，请稍后再试。
[Errno 32] Broken pipe
接收数据异常，请稍后再试。
[Errno 32] Broken pipe
接收数据异常，请稍后再试。
[Errno 32] Broken pipe
接收数据异常，请稍后再试。
服务器连接失败，请稍后再试。
[Errno 32] Broken pipe
接收数据异常，请稍后再试。
[Errno 32] Broken pipe
接收数据异常，请稍后再试。
[Errno 32] Broken pipe
接收数据异常，请稍后再试。
服务器连接失败，请稍后再试。
[Errno 32] Broken pipe
接收数据异常，请稍后再试。
[Errno 32] Broken pipe
接收数据异常，请稍后再试。
[Errno 32] Broken pipe
接收数据异常，请稍后再试。
服务器连接失败，请稍后再试。
[Errno 32] Broken pipe
接收数据异常，请稍后再试。
[Errno 32] Broken pipe
接收数据异常，请稍后再试。
[Errno 32] Broken pipe
接收数据异常，请稍后再试。
服务器连接失败，请稍后再试。
[Errno 32] Broken pipe
接收数据异常，请稍后再试。
[Errno 32] Broken pipe
接收数据异常，请稍后再试。
[Errno 32] Broken pipe
接收数据异常，请稍后再试。
服务器连接失败，请稍后再试。
[Errno 32] Broken pipe
接收数据异常，请稍后再试。
[Errno 32] Broken pipe
接收数据异常，请稍后再试。
[Errno 32] Broken pipe
接收数据异常，请稍后再试。
服务器连接失败，请稍后再试。
[Errno 32] Broken pipe
接收数据异常，请稍后再试。
[Errno 32] Broken pipe
接收数据异常，请稍后再试。
[Errno 32] Broken pipe
接收数据异常，请稍后再试。
[AAna] 选股报告已生成: /Users/cai/code/AAna/reports/2026-05-28-选股报告.md
[AAna v2.5] 生成 2026-05-28 复盘评分报告...
[AAna] 早盘快照不存在: /Users/cai/code/AAna/reports/.snapshot_2026-05-28_09_00.json，跳过复盘报告
[AAna] 新模块加载失败: No module named 'fund_tracker'，使用简化版
[AAna] Git pull: Already up to date.
[AAna] 清理过期报告: 2026-05-21-选股报告.md
[AAna] 共清理 1 个过期文件
[AAna v2.5] 生成 2026-05-29 动态选股报告...
[AAna] 从新浪财经获取动态股票池...
[AAna] 获取原始数据: 200 只
[AAna] 筛选后: 92 只
[AAna] 动态股票池: 50 只
[AAna] 获取 40 只股票数据...
login success!
logout success!
login success!
logout success!
login success!
logout success!
login success!
logout success!
login success!
logout success!
login success!
logout success!
login success!
logout success!
login success!
logout success!
login success!
logout success!
login success!
logout success!
login success!
logout success!
login success!
logout success!
login success!
logout success!
login success!
logout success!
login success!
logout success!
login success!
logout success!
login success!
logout success!
login success!
logout success!
login success!
logout success!
login success!
logout success!
login success!
logout success!
login success!
logout success!
login success!
logout success!
login success!
logout success!
login success!
logout success!
login success!
logout success!
login success!
logout success!
login success!
logout success!
login success!
logout success!
login success!
logout success!
login success!
logout success!
login success!
logout success!
login success!
logout success!
login success!
logout success!
login success!
logout success!
login success!
logout success!
login success!
logout success!
login success!
logout success!
login success!
logout success!
login success!
logout success!
[AAna] 选股报告已生成: /Users/cai/code/AAna/reports/2026-05-29-选股报告.md
[AAna] 新模块加载失败: No module named 'fund_tracker'，使用简化版
[AAna] Git pull: Already up to date.
[AAna] 清理过期报告: 2026-05-22-选股报告.md
[AAna] 清理过期报告: 2026-05-22-尾盘选股.md
[AAna] 共清理 2 个过期文件
[AAna v2.5] 生成 2026-05-30 动态选股报告...
[AAna] 从新浪财经获取动态股票池...
[AAna] 获取原始数据: 200 只
[AAna] 筛选后: 98 只
[AAna] 动态股票池: 50 只
[AAna] 获取 40 只股票数据...
login success!
logout success!
login success!
logout success!
login success!
logout success!
login success!
logout success!
login success!
logout success!
login success!
logout success!
login success!
logout success!
login success!
logout success!
login success!
logout success!
login success!
logout success!
login success!
logout success!
login success!
logout success!
login success!
logout success!
login success!
logout success!
login success!
logout success!
login success!
logout success!
login success!
logout success!
login success!
logout success!
login success!
logout success!
login success!
logout success!
login success!
logout success!
login success!
logout success!
login success!
logout success!
login success!
logout success!
login success!
logout success!
login success!
logout success!
login success!
logout success!
login success!
logout success!
login success!
logout success!
login success!
logout success!
login success!
logout success!
login success!
logout success!
login success!
logout success!
login success!
logout success!
login success!
logout success!
login success!
logout success!
login success!
logout success!
login success!
logout success!
login success!
logout success!
login success!
logout success!
[AAna] 选股报告已生成: /Users/cai/code/AAna/reports/2026-05-30-选股报告.md
[AAna] 新模块加载失败: No module named 'fund_tracker'，使用简化版
[AAna] Git pull: Already up to date.
[AAna] 清理过期报告: 2026-05-23-选股报告.md
[AAna] 清理过期报告: .snapshot_2026-05-23_09_00.json
[AAna] 共清理 2 个过期文件
[AAna v2.5] 生成 2026-05-31 动态选股报告...
[AAna] 从新浪财经获取动态股票池...
[AAna] 获取原始数据: 200 只
[AAna] 筛选后: 98 只
[AAna] 动态股票池: 50 只
[AAna] 获取 40 只股票数据...
login success!
logout success!
login success!
logout success!
login success!
logout success!
login success!
logout success!
login success!
logout success!
login success!
logout success!
login success!
logout success!
login success!
logout success!
login success!
logout success!
login success!
logout success!
login success!
logout success!
login success!
logout success!
login success!
logout success!
login success!
logout success!
login success!
logout success!
login success!
logout success!
login success!
logout success!
login success!
logout success!
login success!
logout success!
login success!
logout success!
login success!
logout success!
login success!
logout success!
login success!
logout success!
login success!
logout success!
login success!
logout success!
login success!
logout success!
login success!
logout success!
login success!
logout success!
login success!
logout success!
login success!
logout success!
login success!
logout success!
login success!
logout success!
login success!
logout success!
login success!
logout success!
login success!
logout success!
login success!
logout success!
login success!
logout success!
login success!
logout success!
login success!
logout success!
login success!
logout success!
[AAna] 选股报告已生成: /Users/cai/code/AAna/reports/2026-05-31-选股报告.md
[AAna] 新模块加载失败: No module named 'fund_tracker'，使用简化版
[AAna] Git pull: Already up to date.
[AAna] 清理过期报告: 2026-05-24-尾盘选股.md
[AAna] 清理过期报告: 2026-05-25-基金周报.md
[AAna] 共清理 2 个过期文件
[AAna v2.5] 生成 2026-06-01 动态选股报告...
[AAna] 从新浪财经获取动态股票池...
[AAna] 获取原始数据: 200 只
[AAna] 筛选后: 98 只
[AAna] 动态股票池: 50 只
[AAna] 获取 40 只股票数据...
login success!
logout success!
login success!
logout success!
login success!
logout success!
login success!
logout success!
login success!
logout success!
login success!
logout success!
login success!
logout success!
login success!
logout success!
login success!
logout success!
login success!
logout success!
login success!
logout success!
login success!
logout success!
login success!
logout success!
login success!
logout success!
login success!
logout success!
login success!
logout success!
login success!
logout success!
login success!
logout success!
login success!
logout success!
login success!
logout success!
login success!
logout success!
login success!
logout success!
login success!
logout success!
login success!
logout success!
login success!
logout success!
login success!
logout success!
login success!
logout success!
login success!
logout success!
login success!
logout success!
login success!
logout success!
login success!
logout success!
login success!
logout success!
login success!
logout success!
login success!
logout success!
login success!
logout success!
login success!
logout success!
login success!
logout failed!
login success!
logout success!
login success!
logout success!
login success!
logout failed!
[AAna] 选股报告已生成: /Users/cai/code/AAna/reports/2026-06-01-选股报告.md
[AAna] 新模块加载失败: No module named 'fund_tracker'，使用简化版
[AAna] Git pull: Already up to date.
[AAna] 清理过期报告: 2026-05-25-选股报告.md
[AAna] 共清理 1 个过期文件
[AAna v2.5] 生成 2026-06-02 动态选股报告...
[AAna] 从新浪财经获取动态股票池...
[AAna] 获取原始数据: 200 只
[AAna] 筛选后: 108 只
[AAna] 动态股票池: 50 只
[AAna] 获取 40 只股票数据...
login success!
logout success!
login success!
logout success!
login success!
logout success!
login success!
logout success!
login success!
logout success!
login success!
logout success!
login success!
logout success!
login success!
logout success!
login success!
logout success!
login success!
logout success!
login success!
logout success!
login success!
logout success!
login success!
logout success!
login success!
logout success!
login success!
logout success!
login success!
logout success!
login success!
logout success!
login success!
logout success!
login success!
logout success!
login success!
logout success!
login success!
logout success!
login success!
logout success!
login success!
logout success!
login success!
logout success!
login success!
logout success!
login success!
logout success!
login success!
logout success!
login success!
logout success!
login success!
logout success!
login success!
logout success!
login success!
logout success!
login success!
logout success!
login success!
logout success!
login success!
logout success!
login success!
logout success!
login success!
logout success!
login success!
logout success!
login success!
logout success!
login success!
logout success!
login success!
logout success!
[AAna] 选股报告已生成: /Users/cai/code/AAna/reports/2026-06-02-选股报告.md
[AAna] 新模块加载失败: No module named 'fund_tracker'，使用简化版
[AAna] Git pull: Already up to date.
[AAna] 清理过期报告: 2026-05-26-选股报告.md
[AAna] 清理过期报告: 2026-05-26-尾盘选股.md
[AAna] 共清理 2 个过期文件
[AAna v2.5] 生成 2026-06-03 动态选股报告...
[AAna] 从新浪财经获取动态股票池...
[AAna] 获取原始数据: 200 只
[AAna] 筛选后: 69 只
[AAna] 动态股票池: 50 只
[AAna] 获取 40 只股票数据...
login success!
logout success!
login success!
logout success!
login success!
logout success!
login success!
logout success!
login success!
logout success!
login success!
logout success!
login success!
logout success!
login success!
logout success!
login success!
logout success!
login success!
logout success!
login success!
logout success!
login success!
logout success!
login success!
logout success!
login success!
logout success!
login success!
logout success!
login success!
logout success!
login success!
logout success!
login success!
logout success!
login success!
logout success!
login success!
logout success!
login success!
logout success!
login success!
logout success!
login success!
logout success!
login success!
logout success!
login success!
logout success!
login success!
logout success!
login success!
logout success!
login success!
logout success!
login success!
logout success!
login success!
logout success!
login success!
logout success!
login success!
logout success!
login success!
logout success!
login success!
logout success!
login success!
logout success!
login success!
logout success!
login success!
logout success!
login success!
logout success!
login success!
logout success!
login success!
logout success!
[AAna] 选股报告已生成: /Users/cai/code/AAna/reports/2026-06-03-选股报告.md
[AAna] 新模块加载失败: No module named 'fund_tracker'，使用简化版
[AAna] Git pull: Already up to date.
[AAna] 清理过期报告: 2026-05-27-选股报告.md
[AAna] 共清理 1 个过期文件
[AAna v2.5] 生成 2026-06-04 动态选股报告...
[AAna] 从新浪财经获取动态股票池...
[AAna] 获取原始数据: 200 只
[AAna] 筛选后: 90 只
[AAna] 动态股票池: 50 只
[AAna] 获取 40 只股票数据...
login success!
logout success!
Traceback (most recent call last):
  File "/Users/cai/code/AAna/scripts/generate_report.py", line 1262, in <module>
    generate_report()
  File "/Users/cai/code/AAna/scripts/generate_report.py", line 644, in generate_report
    score_thresh = REC_TUNING.get('score_threshold', 50)
NameError: name 'REC_TUNING' is not defined
[AAna] 新模块加载失败: No module named 'fund_tracker'，使用简化版
[AAna] Git pull: Already up to date.
[AAna] 清理过期报告: 2026-05-28-选股报告.md
[AAna] 共清理 1 个过期文件
[AAna v2.5] 生成 2026-06-05 动态选股报告...
[AAna] 从新浪财经获取动态股票池...
[AAna] 获取原始数据: 200 只
[AAna] 筛选后: 75 只
[AAna] 动态股票池: 50 只
[AAna] 获取 40 只股票数据...
login success!
logout success!
Traceback (most recent call last):
  File "/Users/cai/code/AAna/scripts/generate_report.py", line 1263, in <module>
    generate_report()
  File "/Users/cai/code/AAna/scripts/generate_report.py", line 645, in generate_report
    score_thresh = REC_TUNING.get('score_threshold', 50)
NameError: name 'REC_TUNING' is not defined
[AAna] 新模块加载失败: No module named 'fund_tracker'，使用简化版
[AAna] Git pull: Already up to date.
[AAna] 清理过期报告: 2026-05-29-尾盘选股.md
[AAna] 共清理 1 个过期文件
[AAna v2.5] 生成 2026-06-06 动态选股报告...
[AAna] 从新浪财经获取动态股票池...
[AAna] 获取原始数据: 200 只
[AAna] 筛选后: 83 只
[AAna] 动态股票池: 50 只
[AAna] 获取 40 只股票数据...
login success!
logout success!
login success!
logout success!
login success!
logout success!
login success!
logout success!
login success!
logout success!
login success!
logout success!
login success!
logout success!
login success!
logout success!
login success!
logout success!
login success!
logout success!
login success!
logout success!
login success!
logout success!
login success!
logout success!
login success!
logout success!
login success!
logout success!
login success!
logout success!
login success!
logout success!
login success!
logout success!
login success!
logout success!
login success!
logout success!
login success!
logout success!
login success!
logout success!
login success!
logout success!
login success!
logout success!
login success!
logout success!
login success!
logout success!
login success!
logout success!
login success!
logout success!
login success!
logout success!
login success!
logout success!
login success!
logout success!
login success!
logout success!
login success!
logout success!
login success!
logout success!
login success!
logout success!
login success!
logout success!
login success!
logout success!
login success!
logout success!
login success!
logout success!
login success!
logout success!
[AAna] 选股报告已生成: /Users/cai/code/AAna/reports/2026-06-06-选股报告.md
[AAna] 新模块加载失败: No module named 'fund_tracker'，使用简化版
[AAna] Git pull: Already up to date.
[AAna] 清理过期报告: 2026-05-30-选股报告.md
[AAna] 共清理 1 个过期文件
[AAna v2.5] 生成 2026-06-07 动态选股报告...
[AAna] 从新浪财经获取动态股票池...
[AAna] 获取原始数据: 200 只
[AAna] 筛选后: 83 只
[AAna] 动态股票池: 50 只
[AAna] 获取 40 只股票数据...
login success!
logout success!
login success!
logout success!
login success!
logout success!
login success!
logout success!
login success!
logout success!
login success!
logout success!
login success!
logout success!
login success!
logout success!
login success!
logout success!
login success!
logout success!
login success!
logout success!
login success!
logout success!
login success!
logout success!
login success!
logout success!
login success!
logout success!
login success!
logout success!
login success!
logout success!
login success!
logout success!
login success!
logout success!
login success!
logout success!
login success!
logout success!
login success!
logout success!
login success!
logout success!
login success!
logout success!
login success!
logout success!
login success!
logout success!
login success!
logout success!
login success!
logout success!
login success!
logout success!
login success!
logout success!
login success!
logout success!
login success!
logout success!
login success!
logout success!
login success!
logout success!
login success!
logout success!
login success!
logout success!
login success!
logout success!
login success!
logout success!
login success!
logout success!
login success!
logout success!
[AAna] 选股报告已生成: /Users/cai/code/AAna/reports/2026-06-07-选股报告.md
[AAna] 新模块加载失败: No module named 'fund_tracker'，使用简化版
[AAna] Git pull: Already up to date.
[AAna] 清理过期报告: 2026-05-31-选股报告.md
[AAna] 共清理 1 个过期文件
[AAna v2.5] 生成 2026-06-08 动态选股报告...
[AAna] 从新浪财经获取动态股票池...
[AAna] 获取原始数据: 200 只
[AAna] 筛选后: 83 只
[AAna] 动态股票池: 50 只
[AAna] 获取 40 只股票数据...
login success!
logout success!
login success!
logout success!
login success!
logout success!
login success!
logout success!
login success!
logout success!
login success!
logout success!
login success!
logout success!
login success!
logout success!
login success!
logout success!
login success!
logout success!
login success!
logout success!
login success!
logout success!
login success!
logout success!
login success!
logout success!
login success!
logout success!
login success!
logout success!
login success!
logout success!
login success!
logout success!
login success!
logout success!
login success!
logout success!
login success!
logout success!
login success!
logout success!
login success!
logout success!
login success!
logout success!
login success!
logout success!
login success!
logout success!
login success!
logout success!
login success!
logout success!
login success!
logout success!
login success!
logout success!
login success!
logout success!
login success!
logout success!
login success!
logout success!
login success!
logout success!
login success!
logout success!
login success!
logout success!
login success!
logout success!
login success!
logout success!
login success!
logout success!
login success!
logout success!
[AAna] 选股报告已生成: /Users/cai/code/AAna/reports/2026-06-08-选股报告.md
[AAna] 新模块加载失败: No module named 'fund_tracker'，使用简化版
[AAna] Git pull: Already up to date.
[AAna] 清理过期报告: 2026-06-01-尾盘选股.md
[AAna] 共清理 1 个过期文件
[AAna v2.5] 生成 2026-06-09 动态选股报告...
[Sina] Page 4 failed: Expecting value: line 1 column 1 (char 0)
[Source] sina OK (120 只, 8.4s)
[AAna] 拆分: 推荐池 0 只 + 风险池 38 只 (source=sina)
[AAna] 动态股票池: 0 只 (涨停警示 30 只)
[AAna] 获取 0 只股票数据...
[AAna] 选股报告已生成: /Users/cai/code/AAna/reports/2026-06-09-选股报告.md
[AAna] 新模块加载失败: No module named 'fund_tracker'，使用简化版
[AAna] Git pull: Already up to date.
[AAna v2.5] 生成 2026-06-10 动态选股报告...
[Source] sina OK (200 只, 3.1s)
[AAna] 拆分: 推荐池 0 只 + 风险池 85 只 (source=sina)
[AAna] 动态股票池: 0 只 (涨停警示 30 只)
[AAna] 获取 0 只股票数据...
[AAna] 选股报告已生成: /Users/cai/code/AAna/reports/2026-06-10-选股报告.md
[AAna] 新模块加载失败: No module named 'fund_tracker'，使用简化版
[AAna] Git pull: Already up to date.
[AAna] 清理过期报告: 2026-06-03-尾盘选股.md
[AAna] 共清理 1 个过期文件
[AAna v2.5] 生成 2026-06-11 动态选股报告...
[Source] sina OK (800 只, 11.6s)
[AAna] 拆分: 推荐池 362 只 + 风险池 57 只 (source=sina)
[AAna] 动态股票池: 50 只 (涨停警示 30 只)
[AAna] 获取 40 只股票数据...
login success!
logout success!
login success!
logout success!
login success!
logout success!
login success!
logout success!
login success!
logout success!
login success!
logout success!
login success!
logout success!
login success!
logout success!
login success!
logout success!
login success!
logout success!
login success!
logout success!
login success!
logout success!
login success!
logout success!
login success!
logout success!
login success!
logout success!
login success!
logout success!
login success!
logout success!
login success!
logout success!
login success!
logout success!
login success!
logout success!
login success!
logout success!
login success!
logout success!
login success!
logout success!
login success!
logout success!
login success!
logout success!
login success!
logout success!
login success!
logout success!
login success!
logout success!
login success!
logout success!
login success!
logout success!
login success!
logout success!
login success!
logout failed!
login success!
logout success!
login success!
logout success!
login success!
logout failed!
login success!
logout success!
login success!
logout success!
login success!
logout failed!
login success!
logout failed!
login success!
logout success!
[AAna] 选股报告已生成: /Users/cai/code/AAna/reports/2026-06-11-选股报告.md
[AAna] 新模块加载失败: No module named 'fund_tracker'，使用简化版
[AAna] Git pull: Already up to date.
[AAna v2.5] 生成 2026-06-12 动态选股报告...
[Source] sina OK (800 只, 28.0s)
[AAna] 拆分: 推荐池 290 只 + 风险池 51 只 (source=sina)
[AAna] 动态股票池: 50 只 (涨停警示 30 只)
[AAna] 获取 40 只股票数据...
login success!
logout success!
login success!
logout success!
login success!
logout success!
login success!
logout success!
login success!
logout success!
login success!
logout success!
login success!
logout success!
login success!
logout success!
login success!
logout success!
login success!
logout failed!
login success!
logout success!
login success!
logout success!
login success!
logout failed!
login success!
logout success!
login success!
logout success!
login success!
logout success!
login success!
logout success!
login success!
logout success!
login success!
logout success!
login success!
logout success!
login success!
logout success!
login success!
logout success!
login success!
logout success!
login success!
logout failed!
login success!
logout success!
login success!
logout success!
login success!
logout success!
login success!
logout success!
login success!
logout success!
login success!
logout failed!
login success!
logout failed!
login success!
logout success!
login success!
logout failed!
login success!
logout success!
login success!
logout failed!
login success!
logout failed!
login success!
logout success!
login success!
logout success!
login success!
logout success!
login success!
logout failed!
[AAna] 选股报告已生成: /Users/cai/code/AAna/reports/2026-06-12-选股报告.md
[AAna] 新模块加载失败: No module named 'fund_tracker'，使用简化版
[AAna] Git pull: Already up to date.
[AAna v2.5] 生成 2026-06-13 动态选股报告...
[Source] sina OK (800 只, 10.5s)
[AAna] 拆分: 推荐池 294 只 + 风险池 83 只 (source=sina)
[AAna] 动态股票池: 50 只 (涨停警示 30 只)
[AAna] 获取 40 只股票数据...
login success!
logout success!
login success!
logout success!
login success!
logout success!
login success!
logout success!
login success!
logout success!
login success!
logout success!
login success!
logout success!
login success!
logout success!
login success!
logout success!
login success!
logout success!
login success!
logout success!
login success!
logout success!
login success!
logout success!
login success!
logout success!
login success!
logout success!
login success!
logout success!
login success!
logout success!
login success!
logout success!
login success!
logout success!
login success!
logout success!
login success!
logout success!
login success!
logout success!
login success!
logout success!
login success!
logout success!
login success!
logout success!
login success!
logout success!
login success!
logout success!
login success!
logout success!
login success!
logout success!
login success!
logout success!
login success!
logout success!
login success!
logout success!
login success!
logout success!
login success!
logout success!
login success!
logout success!
login success!
logout success!
login success!
logout success!
login success!
logout success!
login success!
logout success!
login success!
logout success!
[AAna] 选股报告已生成: /Users/cai/code/AAna/reports/2026-06-13-选股报告.md
[AAna] 新模块加载失败: No module named 'fund_tracker'，使用简化版
[AAna] Git pull: Already up to date.
[AAna] 清理过期报告: 2026-06-06-选股报告.md
[AAna] 共清理 1 个过期文件
[AAna v2.5] 生成 2026-06-14 动态选股报告...
[Source] sina OK (800 只, 12.3s)
[AAna] 拆分: 推荐池 294 只 + 风险池 83 只 (source=sina)
[AAna] 动态股票池: 50 只 (涨停警示 30 只)
[AAna] 获取 40 只股票数据...
login success!
logout success!
login success!
logout success!
login success!
logout success!
login success!
logout success!
login success!
logout success!
login success!
logout success!
login success!
logout success!
login success!
logout success!
login success!
logout success!
login success!
logout success!
login success!
logout success!
login success!
logout success!
login success!
logout success!
login success!
logout success!
login success!
logout success!
login success!
logout success!
login success!
logout success!
login success!
logout success!
login success!
logout success!
login success!
logout success!
login success!
logout success!
login success!
logout success!
login success!
logout success!
login success!
logout success!
login success!
logout success!
login success!
logout success!
login success!
logout success!
login success!
logout success!
login success!
logout success!
login success!
logout success!
login success!
logout success!
login success!
logout success!
login success!
logout success!
login success!
logout success!
login success!
logout success!
login success!
logout success!
login success!
logout success!
login success!
logout success!
login success!
logout success!
login success!
logout success!
[AAna] 选股报告已生成: /Users/cai/code/AAna/reports/2026-06-14-选股报告.md
[AAna] 新模块加载失败: No module named 'fund_tracker'，使用简化版
[AAna] Git pull: Already up to date.
[AAna] 清理过期报告: 2026-06-07-选股报告.md
[AAna] 共清理 1 个过期文件
[AAna v2.5] 生成 2026-06-15 动态选股报告...
[Source] sina OK (800 只, 14.0s)
[AAna] 拆分: 推荐池 294 只 + 风险池 83 只 (source=sina)
[AAna] 动态股票池: 50 只 (涨停警示 30 只)
[AAna] 获取 40 只股票数据...
login success!
logout success!
login success!
logout success!
login success!
logout failed!
login success!
logout success!
login success!
logout success!
login success!
logout success!
login success!
logout success!
login success!
logout success!
login success!
logout success!
login success!
logout failed!
login success!
logout failed!
login success!
logout success!
login success!
logout success!
login success!
logout success!
login success!
logout success!
login success!
logout success!
login success!
logout success!
login success!
logout failed!
login success!
logout success!
login success!
logout failed!
login success!
logout success!
login success!
logout failed!
login success!
logout failed!
login success!
logout success!
login success!
logout success!
login success!
logout success!
login success!
logout success!
login success!
logout success!
login success!
logout success!
login success!
logout success!
login success!
logout success!
login success!
logout success!
login success!
logout success!
login success!
logout failed!
login success!
logout success!
login success!
logout success!
login success!
logout success!
login success!
logout success!
login success!
logout success!
login success!
logout failed!
[AAna] 选股报告已生成: /Users/cai/code/AAna/reports/2026-06-15-选股报告.md
[AAna] 新模块加载失败: No module named 'fund_tracker'，使用简化版
[AAna] Git pull: Already up to date.
[AAna] 清理过期报告: 2026-06-08-选股报告.md
[AAna] 清理过期报告: 2026-06-08-尾盘选股.md
[AAna] 共清理 2 个过期文件
[AAna v2.5] 生成 2026-06-16 动态选股报告...
[Source] sina OK (800 只, 12.1s)
[AAna] 拆分: 推荐池 103 只 + 风险池 105 只 (source=sina)
[AAna] 动态股票池: 50 只 (涨停警示 30 只)
[AAna] 获取 40 只股票数据...
login success!
logout success!
login success!
logout success!
login success!
logout success!
login success!
logout success!
login success!
logout success!
login success!
logout success!
login success!
logout success!
login success!
logout success!
login success!
logout success!
login success!
logout success!
login success!
logout success!
login success!
logout failed!
login success!
logout failed!
login success!
logout failed!
login success!
logout success!
login success!
logout success!
login success!
logout success!
login success!
logout failed!
login success!
logout failed!
login success!
logout failed!
login success!
logout success!
login success!
logout success!
login success!
logout success!
login success!
logout success!
login success!
logout success!
login success!
logout success!
login success!
logout failed!
login success!
logout success!
login success!
logout success!
login success!
logout failed!
login success!
logout success!
login success!
logout success!
login success!
logout success!
login success!
logout failed!
login success!
logout failed!
login success!
logout failed!
login success!
logout success!
login success!
logout success!
login success!
logout failed!
login success!
logout success!
[AAna] 选股报告已生成: /Users/cai/code/AAna/reports/2026-06-16-选股报告.md
[AAna] 新模块加载失败: No module named 'fund_tracker'，使用简化版
[AAna] Git pull: Already up to date.
[AAna] 清理过期报告: 2026-06-09-尾盘选股.md
[AAna] 共清理 1 个过期文件
[AAna v2.5] 生成 2026-06-17 动态选股报告...
[Source] sina OK (800 只, 23.2s)
[AAna] 拆分: 推荐池 181 只 + 风险池 91 只 (source=sina)
[AAna] 动态股票池: 50 只 (涨停警示 30 只)
[AAna] 获取 40 只股票数据...
login success!
logout success!
login success!
logout success!
login success!
logout success!
login success!
logout success!
login success!
logout success!
login success!
logout failed!
login success!
logout failed!
login success!
logout success!
login success!
logout success!
login success!
logout success!
login success!
logout success!
login success!
logout success!
login success!
logout success!
login success!
logout success!
login success!
logout success!
login success!
logout failed!
login success!
logout failed!
login success!
logout failed!
login success!
logout failed!
login success!
logout failed!
login success!
logout failed!
login success!
logout success!
login success!
logout success!
login success!
logout success!
login success!
logout success!
login success!
logout success!
login success!
logout success!
login success!
logout success!
login success!
logout success!
login success!
logout success!
login success!
logout success!
login success!
logout failed!
login success!
logout failed!
login success!
logout failed!
login success!
logout success!
login success!
logout failed!
login success!
logout success!
login success!
logout failed!
login success!
logout success!
login success!
logout success!
[AAna] 选股报告已生成: /Users/cai/code/AAna/reports/2026-06-17-选股报告.md
[AAna] 新模块加载失败: No module named 'fund_tracker'，使用简化版
[AAna] Git pull: Already up to date.
[AAna] 清理过期报告: 2026-06-10-尾盘选股.md
[AAna] 共清理 1 个过期文件
[AAna v2.5] 生成 2026-06-17 动态选股报告...
[Source] sina OK (800 只, 9.6s)
[AAna] 拆分: 推荐池 174 只 + 风险池 60 只 (source=sina)
[AAna] 动态股票池: 50 只 (涨停警示 30 只)
[AAna] 获取 40 只股票数据...
login success!
logout success!
login success!
logout success!
login success!
logout success!
login success!
logout success!
login success!
logout success!
login success!
logout success!
login success!
logout success!
login success!
logout success!
login success!
logout success!
login success!
logout success!
login success!
logout success!
login success!
logout success!
login success!
logout success!
login success!
logout success!
login success!
logout success!
login success!
logout success!
login success!
logout success!
login success!
logout success!
login success!
logout success!
login success!
logout success!
login success!
logout success!
login success!
logout success!
login success!
logout success!
login success!
logout success!
login success!
logout success!
login success!
logout success!
login success!
logout success!
login success!
logout success!
login success!
logout success!
login success!
logout success!
login success!
logout success!
login success!
logout success!
login success!
logout success!
login success!
logout success!
login success!
logout success!
login success!
logout success!
login success!
logout success!
login success!
logout success!
login success!
logout success!
login success!
logout success!
[AAna] 选股报告已生成: /Users/cai/code/AAna/reports/2026-06-17-选股报告.md
[AAna v2.5] 生成 2026-06-17 复盘评分报告...
[AAna] 早盘快照不存在: /Users/cai/code/AAna/reports/.snapshot_2026-06-17_09_00.json，跳过复盘报告
[AAna] 新模块加载失败: No module named 'fund_tracker'，使用简化版
[AAna] Git pull: Already up to date.
[AAna v2.5] 生成 2026-06-18 动态选股报告...
[Source] sina OK (800 只, 11.8s)
[AAna] 拆分: 推荐池 196 只 + 风险池 64 只 (source=sina)
[AAna] 动态股票池: 50 只 (涨停警示 30 只)
[AAna] 获取 40 只股票数据...
login success!
logout success!
login success!
logout success!
login success!
logout success!
login success!
logout success!
login success!
logout success!
login success!
logout success!
login success!
logout success!
login success!
logout success!
login success!
logout success!
login success!
logout success!
login success!
logout success!
login success!
logout success!
login success!
logout success!
login success!
logout success!
login success!
logout success!
login success!
logout success!
login success!
logout success!
login success!
logout success!
login success!
logout success!
login success!
logout success!
login success!
logout success!
login success!
logout success!
login success!
logout success!
login success!
logout success!
login success!
logout success!
login success!
logout success!
login success!
logout success!
login success!
logout success!
login success!
logout success!
[Errno 54] Connection reset by peer
接收数据异常，请稍后再试。
[Errno 32] Broken pipe
接收数据异常，请稍后再试。
[Errno 32] Broken pipe
接收数据异常，请稍后再试。
服务器连接失败，请稍后再试。
[Errno 32] Broken pipe
接收数据异常，请稍后再试。
[Errno 32] Broken pipe
接收数据异常，请稍后再试。
[Errno 32] Broken pipe
接收数据异常，请稍后再试。
服务器连接失败，请稍后再试。
[Errno 32] Broken pipe
接收数据异常，请稍后再试。
[Errno 32] Broken pipe
接收数据异常，请稍后再试。
[Errno 32] Broken pipe
接收数据异常，请稍后再试。
服务器连接失败，请稍后再试。
[Errno 32] Broken pipe
接收数据异常，请稍后再试。
[Errno 32] Broken pipe
接收数据异常，请稍后再试。
[Errno 32] Broken pipe
接收数据异常，请稍后再试。
服务器连接失败，请稍后再试。
[Errno 32] Broken pipe
接收数据异常，请稍后再试。
[Errno 32] Broken pipe
接收数据异常，请稍后再试。
[Errno 32] Broken pipe
接收数据异常，请稍后再试。
服务器连接失败，请稍后再试。
[Errno 32] Broken pipe
接收数据异常，请稍后再试。
[Errno 32] Broken pipe
接收数据异常，请稍后再试。
[Errno 32] Broken pipe
接收数据异常，请稍后再试。
服务器连接失败，请稍后再试。
[Errno 32] Broken pipe
接收数据异常，请稍后再试。
[Errno 32] Broken pipe
接收数据异常，请稍后再试。
[Errno 32] Broken pipe
接收数据异常，请稍后再试。
服务器连接失败，请稍后再试。
[Errno 32] Broken pipe
接收数据异常，请稍后再试。
[Errno 32] Broken pipe
接收数据异常，请稍后再试。
[Errno 32] Broken pipe
接收数据异常，请稍后再试。
服务器连接失败，请稍后再试。
[Errno 32] Broken pipe
接收数据异常，请稍后再试。
[Errno 32] Broken pipe
接收数据异常，请稍后再试。
[Errno 32] Broken pipe
接收数据异常，请稍后再试。
服务器连接失败，请稍后再试。
[Errno 32] Broken pipe
接收数据异常，请稍后再试。
[Errno 32] Broken pipe
接收数据异常，请稍后再试。
[Errno 32] Broken pipe
接收数据异常，请稍后再试。
服务器连接失败，请稍后再试。
[Errno 32] Broken pipe
接收数据异常，请稍后再试。
[Errno 32] Broken pipe
接收数据异常，请稍后再试。
[Errno 32] Broken pipe
接收数据异常，请稍后再试。
[AAna] 选股报告已生成: /Users/cai/code/AAna/reports/2026-06-18-选股报告.md
[AAna v2.5] 生成 2026-06-18 复盘评分报告...
[AAna] 早盘快照不存在: /Users/cai/code/AAna/reports/.snapshot_2026-06-18_09_00.json，跳过复盘报告
[AAna] 新模块加载失败: No module named 'fund_tracker'，使用简化版
[AAna] Git pull: Already up to date.
[AAna] 清理过期报告: 2026-06-11-尾盘选股.md
[AAna] 共清理 1 个过期文件
[AAna v2.5] 生成 2026-06-19 动态选股报告...
[Source] sina OK (800 只, 15.5s)
[AAna] 拆分: 推荐池 196 只 + 风险池 64 只 (source=sina)
[AAna] 动态股票池: 50 只 (涨停警示 30 只)
[AAna] 获取 40 只股票数据...
login success!
logout success!
login success!
logout success!
login success!
logout success!
login success!
logout success!
login success!
logout success!
login success!
logout success!
login success!
logout success!
login success!
logout success!
login success!
logout success!
login success!
logout success!
login success!
logout success!
login success!
logout success!
login success!
logout success!
login success!
logout success!
login success!
logout success!
login success!
logout success!
login success!
logout success!
login success!
logout success!
login success!
logout success!
login success!
logout success!
login success!
logout success!
login success!
logout success!
login success!
logout success!
login success!
logout success!
login success!
logout success!
login success!
logout success!
login success!
logout success!
login success!
logout success!
login success!
logout success!
login success!
logout success!
login success!
logout success!
login success!
logout success!
login success!
logout success!
login success!
logout success!
login success!
logout success!
login success!
logout success!
login success!
logout success!
login success!
logout success!
login success!
logout success!
login success!
logout success!
[AAna] 选股报告已生成: /Users/cai/code/AAna/reports/2026-06-19-选股报告.md
[AAna] 新模块加载失败: No module named 'fund_tracker'，使用简化版
[AAna] Git pull: Already up to date.
[AAna] 清理过期报告: 2026-06-12-尾盘选股.md
[AAna] 共清理 1 个过期文件
[AAna v2.5] 生成 2026-06-19 动态选股报告...
[Source] sina OK (800 只, 10.1s)
[AAna] 拆分: 推荐池 196 只 + 风险池 64 只 (source=sina)
[AAna] 动态股票池: 50 只 (涨停警示 30 只)
[AAna] 获取 40 只股票数据...
login success!
logout success!
login success!
logout success!
login success!
logout success!
login success!
logout success!
login success!
logout success!
login success!
logout success!
login success!
logout success!
login success!
logout success!
login success!
logout success!
login success!
logout success!
login success!
logout success!
login success!
logout success!
login success!
logout success!
login success!
logout success!
login success!
logout success!
login success!
logout success!
login success!
logout success!
login success!
logout success!
login success!
logout success!
login success!
logout success!
login success!
logout success!
login success!
logout success!
login success!
logout success!
login success!
logout success!
login success!
logout success!
login success!
logout success!
login success!
logout success!
login success!
logout success!
login success!
logout success!
login success!
logout success!
login success!
logout success!
login success!
logout success!
login success!
logout success!
login success!
logout success!
login success!
logout success!
login success!
logout success!
login success!
logout success!
login success!
logout success!
login success!
logout success!
login success!
logout success!
[AAna] 选股报告已生成: /Users/cai/code/AAna/reports/2026-06-19-选股报告.md
[AAna v2.5] 生成 2026-06-19 复盘评分报告...
[AAna] 早盘快照不存在: /Users/cai/code/AAna/reports/.snapshot_2026-06-19_09_00.json，跳过复盘报告
[AAna] 新模块加载失败: No module named 'fund_tracker'，使用简化版
[AAna] Git pull: Already up to date.
[AAna v2.5] 生成 2026-06-20 动态选股报告...
[Source] sina OK (800 只, 11.6s)
[AAna] 拆分: 推荐池 196 只 + 风险池 64 只 (source=sina)
[AAna] 动态股票池: 50 只 (涨停警示 30 只)
[AAna] 获取 40 只股票数据...
login success!
logout success!
login success!
logout success!
login success!
logout success!
login success!
logout success!
login success!
logout success!
login success!
logout success!
login success!
logout success!
login success!
logout success!
login success!
logout success!
login success!
logout success!
login success!
logout success!
login success!
logout success!
login success!
logout success!
login success!
logout success!
login success!
logout success!
login success!
logout success!
login success!
logout success!
login success!
logout success!
login success!
logout success!
login success!
logout success!
login success!
logout success!
login success!
logout success!
login success!
logout success!
login success!
logout success!
login success!
logout success!
login success!
logout success!
login success!
logout success!
login success!
logout success!
login success!
logout success!
login success!
logout success!
login success!
logout success!
login success!
logout success!
login success!
logout success!
login success!
logout success!
login success!
logout success!
login success!
logout success!
login success!
logout success!
login success!
logout success!
login success!
logout success!
login success!
logout success!
[AAna] 选股报告已生成: /Users/cai/code/AAna/reports/2026-06-20-选股报告.md
[AAna] 新模块加载失败: No module named 'fund_tracker'，使用简化版
[AAna] Git pull: Already up to date.
[AAna] 清理过期报告: 2026-06-13-选股报告.md
[AAna] 共清理 1 个过期文件
[AAna v2.5] 生成 2026-06-20 动态选股报告...
[Source] sina OK (800 只, 12.7s)
[AAna] 拆分: 推荐池 196 只 + 风险池 64 只 (source=sina)
[AAna] 动态股票池: 50 只 (涨停警示 30 只)
[AAna] 获取 40 只股票数据...
login success!
logout success!
login success!
logout success!
login success!
logout success!
login success!
logout success!
login success!
logout success!
login success!
logout success!
login success!
logout success!
login success!
logout success!
login success!
logout success!
login success!
logout success!
login success!
logout success!
login success!
logout success!
login success!
logout success!
login success!
logout success!
login success!
logout success!
login success!
logout success!
login success!
logout success!
login success!
logout success!
login success!
logout success!
login success!
logout success!
login success!
logout success!
login success!
logout success!
login success!
logout success!
login success!
logout success!
login success!
logout success!
login success!
logout success!
login success!
logout success!
login success!
logout success!
login success!
logout success!
login success!
logout success!
login success!
logout success!
login success!
logout success!
login success!
logout success!
login success!
logout success!
login success!
logout success!
login success!
logout success!
login success!
logout success!
login success!
logout success!
login success!
logout success!
login success!
logout success!
[AAna] 选股报告已生成: /Users/cai/code/AAna/reports/2026-06-20-选股报告.md
[AAna v2.5] 生成 2026-06-20 复盘评分报告...
[AAna] 早盘快照不存在: /Users/cai/code/AAna/reports/.snapshot_2026-06-20_09_00.json，跳过复盘报告
[AAna] 新模块加载失败: No module named 'fund_tracker'，使用简化版
[AAna] Git pull: Already up to date.
[AAna v2.5] 生成 2026-06-21 动态选股报告...
[Source] sina OK (800 只, 21.6s)
[AAna] 拆分: 推荐池 196 只 + 风险池 64 只 (source=sina)
[AAna] 动态股票池: 50 只 (涨停警示 30 只)
[AAna] 获取 40 只股票数据...
login success!
logout success!
login success!
logout success!
login success!
logout success!
login success!
logout success!
login success!
logout success!
login success!
logout success!
login success!
logout success!
login success!
logout success!
login success!
logout success!
login success!
logout success!
login success!
logout success!
login success!
logout success!
login success!
logout success!
login success!
logout success!
login success!
logout success!
login success!
logout success!
login success!
logout success!
login success!
logout success!
login success!
logout success!
login success!
logout success!
login success!
logout success!
login success!
logout success!
login success!
logout success!
login success!
logout success!
login success!
logout success!
login success!
logout success!
login success!
logout success!
login success!
logout success!
login success!
logout success!
login success!
logout success!
login success!
logout success!
login success!
logout success!
login success!
logout success!
login success!
logout success!
login success!
logout success!
login success!
logout success!
login success!
logout success!
login success!
logout success!
login success!
logout success!
login success!
logout success!
[AAna] 选股报告已生成: /Users/cai/code/AAna/reports/2026-06-21-选股报告.md
[AAna] 新模块加载失败: No module named 'fund_tracker'，使用简化版
[AAna] Git pull: Already up to date.
[AAna] 清理过期报告: 2026-06-14-选股报告.md
[AAna] 共清理 1 个过期文件
[AAna v2.5] 生成 2026-06-21 动态选股报告...
[Source] sina OK (800 只, 23.4s)
[AAna] 拆分: 推荐池 196 只 + 风险池 64 只 (source=sina)
[AAna] 动态股票池: 50 只 (涨停警示 30 只)
[AAna] 获取 40 只股票数据...
login success!
logout success!
login success!
logout success!
login success!
logout success!
login success!
logout success!
login success!
logout success!
login success!
logout success!
login success!
logout success!
login success!
logout success!
login success!
logout success!
login success!
logout success!
login success!
logout success!
login success!
logout success!
login success!
logout success!
login success!
logout success!
login success!
logout success!
login success!
logout success!
login success!
logout success!
login success!
logout success!
login success!
logout success!
login success!
logout success!
login success!
logout success!
login success!
logout success!
login success!
logout success!
login success!
logout success!
login success!
logout success!
login success!
logout success!
login success!
logout success!
login success!
logout success!
login success!
logout success!
login success!
logout success!
login success!
logout success!
login success!
logout success!
login success!
logout success!
login success!
logout success!
login success!
logout success!
login success!
logout success!
login success!
logout success!
login success!
logout success!
login success!
logout success!
login success!
logout success!
[AAna] 选股报告已生成: /Users/cai/code/AAna/reports/2026-06-21-选股报告.md
[AAna v2.5] 生成 2026-06-21 复盘评分报告...
[AAna] 早盘快照不存在: /Users/cai/code/AAna/reports/.snapshot_2026-06-21_09_00.json，跳过复盘报告
[AAna] 新模块加载失败: No module named 'fund_tracker'，使用简化版
[AAna] Git pull: Already up to date.
[AAna v2.5] 生成 2026-06-22 动态选股报告...
[Source] sina OK (800 只, 14.8s)
[AAna] 拆分: 推荐池 224 只 + 风险池 108 只 (source=sina)
[AAna] 动态股票池: 50 只 (涨停警示 30 只)
[AAna] 获取 40 只股票数据...
login success!
logout success!
login success!
logout success!
login success!
logout success!
login success!
logout success!
login success!
logout success!
login success!
logout success!
login success!
logout success!
login success!
logout success!
login success!
logout success!
login success!
logout success!
login success!
logout success!
login success!
logout success!
login success!
logout success!
login success!
logout success!
login success!
logout success!
login success!
logout success!
[Errno 54] Connection reset by peer
接收数据异常，请稍后再试。
[Errno 32] Broken pipe
接收数据异常，请稍后再试。
[Errno 32] Broken pipe
接收数据异常，请稍后再试。
服务器连接失败，请稍后再试。
[Errno 32] Broken pipe
接收数据异常，请稍后再试。
[Errno 32] Broken pipe
接收数据异常，请稍后再试。
[Errno 32] Broken pipe
接收数据异常，请稍后再试。
服务器连接失败，请稍后再试。
[Errno 32] Broken pipe
接收数据异常，请稍后再试。
[Errno 32] Broken pipe
接收数据异常，请稍后再试。
[Errno 32] Broken pipe
接收数据异常，请稍后再试。
服务器连接失败，请稍后再试。
[Errno 32] Broken pipe
接收数据异常，请稍后再试。
[Errno 32] Broken pipe
接收数据异常，请稍后再试。
[Errno 32] Broken pipe
接收数据异常，请稍后再试。
服务器连接失败，请稍后再试。
[Errno 32] Broken pipe
接收数据异常，请稍后再试。
[Errno 32] Broken pipe
接收数据异常，请稍后再试。
[Errno 32] Broken pipe
接收数据异常，请稍后再试。
服务器连接失败，请稍后再试。
[Errno 32] Broken pipe
接收数据异常，请稍后再试。
[Errno 32] Broken pipe
接收数据异常，请稍后再试。
[Errno 32] Broken pipe
接收数据异常，请稍后再试。
服务器连接失败，请稍后再试。
[Errno 32] Broken pipe
接收数据异常，请稍后再试。
[Errno 32] Broken pipe
接收数据异常，请稍后再试。
[Errno 32] Broken pipe
接收数据异常，请稍后再试。
服务器连接失败，请稍后再试。
[Errno 32] Broken pipe
接收数据异常，请稍后再试。
[Errno 32] Broken pipe
接收数据异常，请稍后再试。
[Errno 32] Broken pipe
接收数据异常，请稍后再试。
服务器连接失败，请稍后再试。
[Errno 32] Broken pipe
接收数据异常，请稍后再试。
[Errno 32] Broken pipe
接收数据异常，请稍后再试。
[Errno 32] Broken pipe
接收数据异常，请稍后再试。
服务器连接失败，请稍后再试。
[Errno 32] Broken pipe
接收数据异常，请稍后再试。
[Errno 32] Broken pipe
接收数据异常，请稍后再试。
[Errno 32] Broken pipe
接收数据异常，请稍后再试。
服务器连接失败，请稍后再试。
[Errno 32] Broken pipe
接收数据异常，请稍后再试。
[Errno 32] Broken pipe
接收数据异常，请稍后再试。
[Errno 32] Broken pipe
接收数据异常，请稍后再试。
服务器连接失败，请稍后再试。
[Errno 32] Broken pipe
接收数据异常，请稍后再试。
[Errno 32] Broken pipe
接收数据异常，请稍后再试。
[Errno 32] Broken pipe
接收数据异常，请稍后再试。
服务器连接失败，请稍后再试。
[Errno 32] Broken pipe
接收数据异常，请稍后再试。
[Errno 32] Broken pipe
接收数据异常，请稍后再试。
[Errno 32] Broken pipe
接收数据异常，请稍后再试。
服务器连接失败，请稍后再试。
[Errno 32] Broken pipe
接收数据异常，请稍后再试。
[Errno 32] Broken pipe
接收数据异常，请稍后再试。
[Errno 32] Broken pipe
接收数据异常，请稍后再试。
服务器连接失败，请稍后再试。
[Errno 32] Broken pipe
接收数据异常，请稍后再试。
[Errno 32] Broken pipe
接收数据异常，请稍后再试。
[Errno 32] Broken pipe
接收数据异常，请稍后再试。
服务器连接失败，请稍后再试。
[Errno 32] Broken pipe
接收数据异常，请稍后再试。
[Errno 32] Broken pipe
接收数据异常，请稍后再试。
[Errno 32] Broken pipe
接收数据异常，请稍后再试。
服务器连接失败，请稍后再试。
[Errno 32] Broken pipe
接收数据异常，请稍后再试。
[Errno 32] Broken pipe
接收数据异常，请稍后再试。
[Errno 32] Broken pipe
接收数据异常，请稍后再试。
服务器连接失败，请稍后再试。
[Errno 32] Broken pipe
接收数据异常，请稍后再试。
[Errno 32] Broken pipe
接收数据异常，请稍后再试。
[Errno 32] Broken pipe
接收数据异常，请稍后再试。
服务器连接失败，请稍后再试。
[Errno 32] Broken pipe
接收数据异常，请稍后再试。
[Errno 32] Broken pipe
接收数据异常，请稍后再试。
[Errno 32] Broken pipe
接收数据异常，请稍后再试。
服务器连接失败，请稍后再试。
[Errno 32] Broken pipe
接收数据异常，请稍后再试。
[Errno 32] Broken pipe
接收数据异常，请稍后再试。
[Errno 32] Broken pipe
接收数据异常，请稍后再试。
服务器连接失败，请稍后再试。
[Errno 32] Broken pipe
接收数据异常，请稍后再试。
[Errno 32] Broken pipe
接收数据异常，请稍后再试。
[Errno 32] Broken pipe
接收数据异常，请稍后再试。
服务器连接失败，请稍后再试。
[Errno 32] Broken pipe
接收数据异常，请稍后再试。
[Errno 32] Broken pipe
接收数据异常，请稍后再试。
[Errno 32] Broken pipe
接收数据异常，请稍后再试。
服务器连接失败，请稍后再试。
[Errno 32] Broken pipe
接收数据异常，请稍后再试。
[Errno 32] Broken pipe
接收数据异常，请稍后再试。
[Errno 32] Broken pipe
接收数据异常，请稍后再试。
服务器连接失败，请稍后再试。
[Errno 32] Broken pipe
接收数据异常，请稍后再试。
[Errno 32] Broken pipe
接收数据异常，请稍后再试。
[Errno 32] Broken pipe
接收数据异常，请稍后再试。
[AAna] 选股报告已生成: /Users/cai/code/AAna/reports/2026-06-22-选股报告.md
[AAna v2.5] 生成 2026-06-22 复盘评分报告...
[AAna] 早盘快照不存在: /Users/cai/code/AAna/reports/.snapshot_2026-06-22_09_00.json，跳过复盘报告
[AAna] 新模块加载失败: No module named 'fund_tracker'，使用简化版
[AAna] Git pull: Already up to date.
[AAna v2.5] 生成 2026-06-23 动态选股报告...
[Source] sina OK (800 只, 14.0s)
[AAna] 拆分: 推荐池 239 只 + 风险池 70 只 (source=sina)
[AAna] 动态股票池: 50 只 (涨停警示 30 只)
[AAna] 获取 40 只股票数据...
login success!
logout success!
login success!
logout success!
login success!
logout success!
login success!
logout success!
login success!
logout success!
login success!
logout success!
login success!
logout success!
login success!
logout success!
login success!
logout success!
login success!
logout success!
login success!
logout success!
login success!
logout success!
login success!
logout success!
login success!
logout success!
login success!
logout success!
login success!
logout success!
login success!
logout success!
login success!
logout success!
login success!
logout success!
login success!
logout success!
login success!
logout success!
login success!
logout success!
login success!
logout success!
login success!
logout success!
login success!
logout success!
login success!
logout success!
login success!
logout success!
login success!
logout success!
login success!
logout success!
login success!
logout success!
login success!
logout success!
login success!
logout success!
login success!
logout success!
login success!
logout success!
login success!
logout success!
login success!
logout success!
login success!
logout success!
login success!
logout success!
login success!
logout success!
login success!
logout success!
[AAna] 选股报告已生成: /Users/cai/code/AAna/reports/2026-06-23-选股报告.md
[AAna v2.5] 生成 2026-06-23 复盘评分报告...
[AAna] 早盘快照不存在: /Users/cai/code/AAna/reports/.snapshot_2026-06-23_09_00.json，跳过复盘报告
[AAna] 新模块加载失败: No module named 'fund_tracker'，使用简化版
[AAna] Git pull: Already up to date.
[AAna v2.5] 生成 2026-06-24 动态选股报告...
[Source] sina OK (800 只, 20.1s)
[AAna] 拆分: 推荐池 209 只 + 风险池 78 只 (source=sina)
[AAna] 动态股票池: 50 只 (涨停警示 30 只)
[AAna] 获取 40 只股票数据...
login success!
logout success!
login success!
logout success!
login success!
logout success!
login success!
logout success!
login success!
logout success!
login success!
logout success!
login success!
logout success!
login success!
logout success!
login success!
logout success!
login success!
logout success!
login success!
logout success!
login success!
logout success!
login success!
logout success!
login success!
logout success!
login success!
logout success!
login success!
logout success!
login success!
logout success!
login success!
logout success!
login success!
logout success!
login success!
logout success!
login success!
logout success!
login success!
logout success!
login success!
logout success!
login success!
logout success!
login success!
logout success!
login success!
logout success!
login success!
logout success!
login success!
logout success!
login success!
logout success!
login success!
logout success!
login success!
logout success!
login success!
logout success!
login success!
logout success!
login success!
logout success!
login success!
logout success!
login success!
logout success!
login success!
logout success!
login success!
logout success!
login success!
logout success!
login success!
logout success!
[AAna] 选股报告已生成: /Users/cai/code/AAna/reports/2026-06-24-选股报告.md
[AAna v2.5] 生成 2026-06-24 复盘评分报告...
[AAna] 早盘快照不存在: /Users/cai/code/AAna/reports/.snapshot_2026-06-24_09_00.json，跳过复盘报告
[AAna] 新模块加载失败: No module named 'fund_tracker'，使用简化版
[AAna] Git pull: Already up to date.
[AAna v2.5] 生成 2026-06-25 动态选股报告...
[Source] sina OK (800 只, 10.1s)
[AAna] 拆分: 推荐池 263 只 + 风险池 73 只 (source=sina)
[AAna] 动态股票池: 50 只 (涨停警示 30 只)
[AAna] 获取 40 只股票数据...
login success!
logout success!
login success!
logout success!
login success!
logout success!
login success!
logout success!
login success!
logout success!
login success!
logout success!
login success!
logout success!
login success!
logout success!
login success!
logout success!
login success!
logout success!
login success!
logout success!
login success!
logout success!
login success!
logout success!
login success!
logout success!
login success!
logout success!
login success!
logout success!
login success!
logout success!
login success!
logout success!
login success!
logout success!
login success!
logout success!
login success!
logout success!
login success!
logout success!
login success!
logout success!
login success!
logout success!
login success!
logout success!
login success!
logout success!
login success!
logout success!
login success!
logout success!
login success!
logout success!
login success!
logout success!
login success!
logout success!
login success!
logout success!
login success!
logout success!
login success!
logout success!
login success!
logout success!
login success!
logout success!
login success!
logout success!
login success!
logout success!
login success!
logout success!
login success!
logout success!
[AAna] 选股报告已生成: /Users/cai/code/AAna/reports/2026-06-25-选股报告.md
[AAna v2.5] 生成 2026-06-25 复盘评分报告...
[AAna] 早盘快照不存在: /Users/cai/code/AAna/reports/.snapshot_2026-06-25_09_00.json，跳过复盘报告
[AAna] 新模块加载失败: No module named 'fund_tracker'，使用简化版
[AAna] Git pull: Already up to date.
[AAna] 清理过期报告: 2026-06-19-尾盘选股.md
[AAna] 共清理 1 个过期文件
[AAna v2.5] 生成 2026-06-26 动态选股报告...
[Source] sina OK (800 只, 13.7s)
[AAna] 拆分: 推荐池 256 只 + 风险池 45 只 (source=sina)
[AAna] 动态股票池: 50 只 (涨停警示 30 只)
[AAna] 获取 40 只股票数据...
login success!
logout success!
login success!
logout success!
login success!
logout success!
login success!
[Errno 54] Connection reset by peer
接收数据异常，请稍后再试。
[Errno 32] Broken pipe
接收数据异常，请稍后再试。
服务器连接失败，请稍后再试。
[Errno 32] Broken pipe
接收数据异常，请稍后再试。
[Errno 32] Broken pipe
接收数据异常，请稍后再试。
[Errno 32] Broken pipe
接收数据异常，请稍后再试。
服务器连接失败，请稍后再试。
[Errno 32] Broken pipe
接收数据异常，请稍后再试。
[Errno 32] Broken pipe
接收数据异常，请稍后再试。
[Errno 32] Broken pipe
接收数据异常，请稍后再试。
服务器连接失败，请稍后再试。
[Errno 32] Broken pipe
接收数据异常，请稍后再试。
[Errno 32] Broken pipe
接收数据异常，请稍后再试。
[Errno 32] Broken pipe
接收数据异常，请稍后再试。
服务器连接失败，请稍后再试。
[Errno 32] Broken pipe
接收数据异常，请稍后再试。
[Errno 32] Broken pipe
接收数据异常，请稍后再试。
[Errno 32] Broken pipe
接收数据异常，请稍后再试。
服务器连接失败，请稍后再试。
[Errno 32] Broken pipe
接收数据异常，请稍后再试。
[Errno 32] Broken pipe
接收数据异常，请稍后再试。
[Errno 32] Broken pipe
接收数据异常，请稍后再试。
服务器连接失败，请稍后再试。
[Errno 32] Broken pipe
接收数据异常，请稍后再试。
[Errno 32] Broken pipe
接收数据异常，请稍后再试。
[Errno 32] Broken pipe
接收数据异常，请稍后再试。
服务器连接失败，请稍后再试。
[Errno 32] Broken pipe
接收数据异常，请稍后再试。
[Errno 32] Broken pipe
接收数据异常，请稍后再试。
[Errno 32] Broken pipe
接收数据异常，请稍后再试。
服务器连接失败，请稍后再试。
[Errno 32] Broken pipe
接收数据异常，请稍后再试。
[Errno 32] Broken pipe
接收数据异常，请稍后再试。
[Errno 32] Broken pipe
接收数据异常，请稍后再试。
服务器连接失败，请稍后再试。
[Errno 32] Broken pipe
接收数据异常，请稍后再试。
[Errno 32] Broken pipe
接收数据异常，请稍后再试。
[Errno 32] Broken pipe
接收数据异常，请稍后再试。
服务器连接失败，请稍后再试。
[Errno 32] Broken pipe
接收数据异常，请稍后再试。
[Errno 32] Broken pipe
接收数据异常，请稍后再试。
[Errno 32] Broken pipe
接收数据异常，请稍后再试。
服务器连接失败，请稍后再试。
[Errno 32] Broken pipe
接收数据异常，请稍后再试。
[Errno 32] Broken pipe
接收数据异常，请稍后再试。
[Errno 32] Broken pipe
接收数据异常，请稍后再试。
服务器连接失败，请稍后再试。
[Errno 32] Broken pipe
接收数据异常，请稍后再试。
[Errno 32] Broken pipe
接收数据异常，请稍后再试。
[Errno 32] Broken pipe
接收数据异常，请稍后再试。
服务器连接失败，请稍后再试。
[Errno 32] Broken pipe
接收数据异常，请稍后再试。
[Errno 32] Broken pipe
接收数据异常，请稍后再试。
[Errno 32] Broken pipe
接收数据异常，请稍后再试。
服务器连接失败，请稍后再试。
[Errno 32] Broken pipe
接收数据异常，请稍后再试。
[Errno 32] Broken pipe
接收数据异常，请稍后再试。
[Errno 32] Broken pipe
接收数据异常，请稍后再试。
服务器连接失败，请稍后再试。
[Errno 32] Broken pipe
接收数据异常，请稍后再试。
[Errno 32] Broken pipe
接收数据异常，请稍后再试。
[Errno 32] Broken pipe
接收数据异常，请稍后再试。
服务器连接失败，请稍后再试。
[Errno 32] Broken pipe
接收数据异常，请稍后再试。
[Errno 32] Broken pipe
接收数据异常，请稍后再试。
[Errno 32] Broken pipe
接收数据异常，请稍后再试。
服务器连接失败，请稍后再试。
[Errno 32] Broken pipe
接收数据异常，请稍后再试。
[Errno 32] Broken pipe
接收数据异常，请稍后再试。
[Errno 32] Broken pipe
接收数据异常，请稍后再试。
服务器连接失败，请稍后再试。
[Errno 32] Broken pipe
接收数据异常，请稍后再试。
[Errno 32] Broken pipe
接收数据异常，请稍后再试。
[Errno 32] Broken pipe
接收数据异常，请稍后再试。
服务器连接失败，请稍后再试。
[Errno 32] Broken pipe
接收数据异常，请稍后再试。
[Errno 32] Broken pipe
接收数据异常，请稍后再试。
[Errno 32] Broken pipe
接收数据异常，请稍后再试。
服务器连接失败，请稍后再试。
[Errno 32] Broken pipe
接收数据异常，请稍后再试。
[Errno 32] Broken pipe
接收数据异常，请稍后再试。
[Errno 32] Broken pipe
接收数据异常，请稍后再试。
服务器连接失败，请稍后再试。
[Errno 32] Broken pipe
接收数据异常，请稍后再试。
[Errno 32] Broken pipe
接收数据异常，请稍后再试。
[Errno 32] Broken pipe
接收数据异常，请稍后再试。
服务器连接失败，请稍后再试。
[Errno 32] Broken pipe
接收数据异常，请稍后再试。
[Errno 32] Broken pipe
接收数据异常，请稍后再试。
[Errno 32] Broken pipe
接收数据异常，请稍后再试。
服务器连接失败，请稍后再试。
[Errno 32] Broken pipe
接收数据异常，请稍后再试。
[Errno 32] Broken pipe
接收数据异常，请稍后再试。
[Errno 32] Broken pipe
接收数据异常，请稍后再试。
服务器连接失败，请稍后再试。
[Errno 32] Broken pipe
接收数据异常，请稍后再试。
[Errno 32] Broken pipe
接收数据异常，请稍后再试。
[Errno 32] Broken pipe
接收数据异常，请稍后再试。
服务器连接失败，请稍后再试。
[Errno 32] Broken pipe
接收数据异常，请稍后再试。
[Errno 32] Broken pipe
接收数据异常，请稍后再试。
[Errno 32] Broken pipe
接收数据异常，请稍后再试。
服务器连接失败，请稍后再试。
[Errno 32] Broken pipe
接收数据异常，请稍后再试。
[Errno 32] Broken pipe
接收数据异常，请稍后再试。
[Errno 32] Broken pipe
接收数据异常，请稍后再试。
服务器连接失败，请稍后再试。
[Errno 32] Broken pipe
接收数据异常，请稍后再试。
[Errno 32] Broken pipe
接收数据异常，请稍后再试。
[Errno 32] Broken pipe
接收数据异常，请稍后再试。
服务器连接失败，请稍后再试。
[Errno 32] Broken pipe
接收数据异常，请稍后再试。
[Errno 32] Broken pipe
接收数据异常，请稍后再试。
[Errno 32] Broken pipe
接收数据异常，请稍后再试。
服务器连接失败，请稍后再试。
[Errno 32] Broken pipe
接收数据异常，请稍后再试。
[Errno 32] Broken pipe
接收数据异常，请稍后再试。
[Errno 32] Broken pipe
接收数据异常，请稍后再试。
服务器连接失败，请稍后再试。
[Errno 32] Broken pipe
接收数据异常，请稍后再试。
[Errno 32] Broken pipe
接收数据异常，请稍后再试。
[Errno 32] Broken pipe
接收数据异常，请稍后再试。
服务器连接失败，请稍后再试。
[Errno 32] Broken pipe
接收数据异常，请稍后再试。
[Errno 32] Broken pipe
接收数据异常，请稍后再试。
[Errno 32] Broken pipe
接收数据异常，请稍后再试。
服务器连接失败，请稍后再试。
[Errno 32] Broken pipe
接收数据异常，请稍后再试。
[Errno 32] Broken pipe
接收数据异常，请稍后再试。
[Errno 32] Broken pipe
接收数据异常，请稍后再试。
服务器连接失败，请稍后再试。
[Errno 32] Broken pipe
接收数据异常，请稍后再试。
[Errno 32] Broken pipe
接收数据异常，请稍后再试。
[Errno 32] Broken pipe
接收数据异常，请稍后再试。
服务器连接失败，请稍后再试。
[Errno 32] Broken pipe
接收数据异常，请稍后再试。
[Errno 32] Broken pipe
接收数据异常，请稍后再试。
[Errno 32] Broken pipe
接收数据异常，请稍后再试。
服务器连接失败，请稍后再试。
[Errno 32] Broken pipe
接收数据异常，请稍后再试。
[Errno 32] Broken pipe
接收数据异常，请稍后再试。
[Errno 32] Broken pipe
接收数据异常，请稍后再试。
服务器连接失败，请稍后再试。
[Errno 32] Broken pipe
接收数据异常，请稍后再试。
[Errno 32] Broken pipe
接收数据异常，请稍后再试。
[Errno 32] Broken pipe
接收数据异常，请稍后再试。
[AAna] 选股报告已生成: /Users/cai/code/AAna/reports/2026-06-26-选股报告.md
[AAna v2.5] 生成 2026-06-26 复盘评分报告...
[AAna] 早盘快照不存在: /Users/cai/code/AAna/reports/.snapshot_2026-06-26_09_00.json，跳过复盘报告
[AAna] 新模块加载失败: No module named 'fund_tracker'，使用简化版
[AAna] 2026-06-27 非交易日 (周末 (周六))，跳过报告生成
[AAna] Git pull: Already up to date.
[AAna] 新模块加载失败: No module named 'fund_tracker'，使用简化版
[AAna] 2026-06-27 非交易日 (周末 (周六))，跳过报告生成
[AAna] Git pull: Already up to date.
[AAna] 新模块加载失败: No module named 'fund_tracker'，使用简化版
[AAna] 2026-06-28 非交易日 (周末 (周日))，跳过报告生成
[AAna] Git pull: Already up to date.
[AAna] 新模块加载失败: No module named 'fund_tracker'，使用简化版
[AAna] 2026-06-28 非交易日 (周末 (周日))，跳过报告生成
[AAna] Git pull: Already up to date.
[AAna] 新模块加载失败: No module named 'fund_tracker'，使用简化版
[AAna] Git pull: Already up to date.
[AAna] 清理过期报告: 2026-06-22-基金周报.md
[AAna] 共清理 1 个过期文件
[AAna v2.5] 生成 2026-06-29 动态选股报告...
[Source] sina OK (800 只, 10.8s)
[AAna] 拆分: 推荐池 204 只 + 风险池 75 只 (source=sina)
[AAna] 动态股票池: 50 只 (涨停警示 30 只)
[AAna] 获取 40 只股票数据...
服务器连接失败，请稍后再试。
[Errno 32] Broken pipe
接收数据异常，请稍后再试。
[Errno 32] Broken pipe
接收数据异常，请稍后再试。
[Errno 32] Broken pipe
接收数据异常，请稍后再试。
服务器连接失败，请稍后再试。
[Errno 32] Broken pipe
接收数据异常，请稍后再试。
[Errno 32] Broken pipe
接收数据异常，请稍后再试。
[Errno 32] Broken pipe
接收数据异常，请稍后再试。
服务器连接失败，请稍后再试。
[Errno 32] Broken pipe
接收数据异常，请稍后再试。
[Errno 32] Broken pipe
接收数据异常，请稍后再试。
[Errno 32] Broken pipe
接收数据异常，请稍后再试。
服务器连接失败，请稍后再试。
[Errno 32] Broken pipe
接收数据异常，请稍后再试。
[Errno 32] Broken pipe
接收数据异常，请稍后再试。
[Errno 32] Broken pipe
接收数据异常，请稍后再试。
服务器连接失败，请稍后再试。
[Errno 32] Broken pipe
接收数据异常，请稍后再试。
[Errno 32] Broken pipe
接收数据异常，请稍后再试。
[Errno 32] Broken pipe
接收数据异常，请稍后再试。
服务器连接失败，请稍后再试。
[Errno 32] Broken pipe
接收数据异常，请稍后再试。
[Errno 32] Broken pipe
接收数据异常，请稍后再试。
[Errno 32] Broken pipe
接收数据异常，请稍后再试。
服务器连接失败，请稍后再试。
[Errno 32] Broken pipe
接收数据异常，请稍后再试。
[Errno 32] Broken pipe
接收数据异常，请稍后再试。
[Errno 32] Broken pipe
接收数据异常，请稍后再试。
服务器连接失败，请稍后再试。
[Errno 32] Broken pipe
接收数据异常，请稍后再试。
[Errno 32] Broken pipe
接收数据异常，请稍后再试。
[Errno 32] Broken pipe
接收数据异常，请稍后再试。
服务器连接失败，请稍后再试。
[Errno 32] Broken pipe
接收数据异常，请稍后再试。
[Errno 32] Broken pipe
接收数据异常，请稍后再试。
[Errno 32] Broken pipe
接收数据异常，请稍后再试。
服务器连接失败，请稍后再试。
[Errno 32] Broken pipe
接收数据异常，请稍后再试。
[Errno 32] Broken pipe
接收数据异常，请稍后再试。
[Errno 32] Broken pipe
接收数据异常，请稍后再试。
服务器连接失败，请稍后再试。
[Errno 32] Broken pipe
接收数据异常，请稍后再试。
[Errno 32] Broken pipe
接收数据异常，请稍后再试。
[Errno 32] Broken pipe
接收数据异常，请稍后再试。
服务器连接失败，请稍后再试。
[Errno 32] Broken pipe
接收数据异常，请稍后再试。
[Errno 32] Broken pipe
接收数据异常，请稍后再试。
[Errno 32] Broken pipe
接收数据异常，请稍后再试。
服务器连接失败，请稍后再试。
[Errno 32] Broken pipe
接收数据异常，请稍后再试。
[Errno 32] Broken pipe
接收数据异常，请稍后再试。
[Errno 32] Broken pipe
接收数据异常，请稍后再试。
服务器连接失败，请稍后再试。
[Errno 32] Broken pipe
接收数据异常，请稍后再试。
[Errno 32] Broken pipe
接收数据异常，请稍后再试。
[Errno 32] Broken pipe
接收数据异常，请稍后再试。
服务器连接失败，请稍后再试。
[Errno 32] Broken pipe
接收数据异常，请稍后再试。
[Errno 32] Broken pipe
接收数据异常，请稍后再试。
[Errno 32] Broken pipe
接收数据异常，请稍后再试。
服务器连接失败，请稍后再试。
[Errno 32] Broken pipe
接收数据异常，请稍后再试。
[Errno 32] Broken pipe
接收数据异常，请稍后再试。
[Errno 32] Broken pipe
接收数据异常，请稍后再试。
服务器连接失败，请稍后再试。
[Errno 32] Broken pipe
接收数据异常，请稍后再试。
[Errno 32] Broken pipe
接收数据异常，请稍后再试。
[Errno 32] Broken pipe
接收数据异常，请稍后再试。
服务器连接失败，请稍后再试。
[Errno 32] Broken pipe
接收数据异常，请稍后再试。
[Errno 32] Broken pipe
接收数据异常，请稍后再试。
[Errno 32] Broken pipe
接收数据异常，请稍后再试。
服务器连接失败，请稍后再试。
[Errno 32] Broken pipe
接收数据异常，请稍后再试。
[Errno 32] Broken pipe
接收数据异常，请稍后再试。
[Errno 32] Broken pipe
接收数据异常，请稍后再试。
服务器连接失败，请稍后再试。
[Errno 32] Broken pipe
接收数据异常，请稍后再试。
[Errno 32] Broken pipe
接收数据异常，请稍后再试。
[Errno 32] Broken pipe
接收数据异常，请稍后再试。
服务器连接失败，请稍后再试。
[Errno 32] Broken pipe
接收数据异常，请稍后再试。
[Errno 32] Broken pipe
接收数据异常，请稍后再试。
[Errno 32] Broken pipe
接收数据异常，请稍后再试。
服务器连接失败，请稍后再试。
[Errno 32] Broken pipe
接收数据异常，请稍后再试。
[Errno 32] Broken pipe
接收数据异常，请稍后再试。
[Errno 32] Broken pipe
接收数据异常，请稍后再试。
服务器连接失败，请稍后再试。
[Errno 32] Broken pipe
接收数据异常，请稍后再试。
[Errno 32] Broken pipe
接收数据异常，请稍后再试。
[Errno 32] Broken pipe
接收数据异常，请稍后再试。
服务器连接失败，请稍后再试。
[Errno 32] Broken pipe
接收数据异常，请稍后再试。
[Errno 32] Broken pipe
接收数据异常，请稍后再试。
[Errno 32] Broken pipe
接收数据异常，请稍后再试。
服务器连接失败，请稍后再试。
[Errno 32] Broken pipe
接收数据异常，请稍后再试。
[Errno 32] Broken pipe
接收数据异常，请稍后再试。
[Errno 32] Broken pipe
接收数据异常，请稍后再试。
服务器连接失败，请稍后再试。
[Errno 32] Broken pipe
接收数据异常，请稍后再试。
[Errno 32] Broken pipe
接收数据异常，请稍后再试。
[Errno 32] Broken pipe
接收数据异常，请稍后再试。
服务器连接失败，请稍后再试。
[Errno 32] Broken pipe
接收数据异常，请稍后再试。
[Errno 32] Broken pipe
接收数据异常，请稍后再试。
[Errno 32] Broken pipe
接收数据异常，请稍后再试。
服务器连接失败，请稍后再试。
[Errno 32] Broken pipe
接收数据异常，请稍后再试。
[Errno 32] Broken pipe
接收数据异常，请稍后再试。
[Errno 32] Broken pipe
接收数据异常，请稍后再试。
服务器连接失败，请稍后再试。
[Errno 32] Broken pipe
接收数据异常，请稍后再试。
[Errno 32] Broken pipe
接收数据异常，请稍后再试。
[Errno 32] Broken pipe
接收数据异常，请稍后再试。
服务器连接失败，请稍后再试。
[Errno 32] Broken pipe
接收数据异常，请稍后再试。
[Errno 32] Broken pipe
接收数据异常，请稍后再试。
[Errno 32] Broken pipe
接收数据异常，请稍后再试。
服务器连接失败，请稍后再试。
[Errno 32] Broken pipe
接收数据异常，请稍后再试。
[Errno 32] Broken pipe
接收数据异常，请稍后再试。
[Errno 32] Broken pipe
接收数据异常，请稍后再试。
服务器连接失败，请稍后再试。
[Errno 32] Broken pipe
接收数据异常，请稍后再试。
[Errno 32] Broken pipe
接收数据异常，请稍后再试。
[Errno 32] Broken pipe
接收数据异常，请稍后再试。
服务器连接失败，请稍后再试。
[Errno 32] Broken pipe
接收数据异常，请稍后再试。
[Errno 32] Broken pipe
接收数据异常，请稍后再试。
[Errno 32] Broken pipe
接收数据异常，请稍后再试。
服务器连接失败，请稍后再试。
[Errno 32] Broken pipe
接收数据异常，请稍后再试。
[Errno 32] Broken pipe
接收数据异常，请稍后再试。
[Errno 32] Broken pipe
接收数据异常，请稍后再试。
服务器连接失败，请稍后再试。
[Errno 32] Broken pipe
接收数据异常，请稍后再试。
[Errno 32] Broken pipe
接收数据异常，请稍后再试。
[Errno 32] Broken pipe
接收数据异常，请稍后再试。
服务器连接失败，请稍后再试。
[Errno 32] Broken pipe
接收数据异常，请稍后再试。
[Errno 32] Broken pipe
接收数据异常，请稍后再试。
[Errno 32] Broken pipe
接收数据异常，请稍后再试。
服务器连接失败，请稍后再试。
[Errno 32] Broken pipe
接收数据异常，请稍后再试。
[Errno 32] Broken pipe
接收数据异常，请稍后再试。
[Errno 32] Broken pipe
接收数据异常，请稍后再试。
服务器连接失败，请稍后再试。
[Errno 32] Broken pipe
接收数据异常，请稍后再试。
[Errno 32] Broken pipe
接收数据异常，请稍后再试。
[Errno 32] Broken pipe
接收数据异常，请稍后再试。
服务器连接失败，请稍后再试。
[Errno 32] Broken pipe
接收数据异常，请稍后再试。
[Errno 32] Broken pipe
接收数据异常，请稍后再试。
[Errno 32] Broken pipe
接收数据异常，请稍后再试。
服务器连接失败，请稍后再试。
[Errno 32] Broken pipe
接收数据异常，请稍后再试。
[Errno 32] Broken pipe
接收数据异常，请稍后再试。
[Errno 32] Broken pipe
接收数据异常，请稍后再试。
[AAna] 选股报告已生成: /Users/cai/code/AAna/reports/2026-06-29-选股报告.md
[AAna v2.5] 生成 2026-06-29 复盘评分报告...
[AAna] 早盘快照不存在: /Users/cai/code/AAna/reports/.snapshot_2026-06-29_09_00.json，跳过复盘报告
[AAna] 新模块加载失败: No module named 'fund_tracker'，使用简化版
[AAna] Git pull: Already up to date.
[AAna v2.5] 生成 2026-06-30 动态选股报告...
[Source] sina OK (800 只, 11.0s)
[AAna] 拆分: 推荐池 116 只 + 风险池 104 只 (source=sina)
[AAna] 动态股票池: 50 只 (涨停警示 30 只)
[AAna] 获取 40 只股票数据...
login success!
logout success!
login success!
logout success!
login success!
logout success!
login success!
logout success!
login success!
logout success!
login success!
logout success!
login success!
logout success!
login success!
logout success!
login success!
logout success!
login success!
logout success!
login success!
logout success!
login success!
logout success!
login success!
logout success!
login success!
logout success!
login success!
logout success!
login success!
logout success!
login success!
logout success!
login success!
logout success!
login success!
logout success!
login success!
logout success!
login success!
[Errno 54] Connection reset by peer
接收数据异常，请稍后再试。
服务器连接失败，请稍后再试。
[Errno 32] Broken pipe
接收数据异常，请稍后再试。
[Errno 32] Broken pipe
接收数据异常，请稍后再试。
[Errno 32] Broken pipe
接收数据异常，请稍后再试。
服务器连接失败，请稍后再试。
[Errno 32] Broken pipe
接收数据异常，请稍后再试。
[Errno 32] Broken pipe
接收数据异常，请稍后再试。
[Errno 32] Broken pipe
接收数据异常，请稍后再试。
服务器连接失败，请稍后再试。
[Errno 32] Broken pipe
接收数据异常，请稍后再试。
[Errno 32] Broken pipe
接收数据异常，请稍后再试。
[Errno 32] Broken pipe
接收数据异常，请稍后再试。
服务器连接失败，请稍后再试。
[Errno 32] Broken pipe
接收数据异常，请稍后再试。
[Errno 32] Broken pipe
接收数据异常，请稍后再试。
[Errno 32] Broken pipe
接收数据异常，请稍后再试。
服务器连接失败，请稍后再试。
[Errno 32] Broken pipe
接收数据异常，请稍后再试。
[Errno 32] Broken pipe
接收数据异常，请稍后再试。
[Errno 32] Broken pipe
接收数据异常，请稍后再试。
服务器连接失败，请稍后再试。
[Errno 32] Broken pipe
接收数据异常，请稍后再试。
[Errno 32] Broken pipe
接收数据异常，请稍后再试。
[Errno 32] Broken pipe
接收数据异常，请稍后再试。
服务器连接失败，请稍后再试。
[Errno 32] Broken pipe
接收数据异常，请稍后再试。
[Errno 32] Broken pipe
接收数据异常，请稍后再试。
[Errno 32] Broken pipe
接收数据异常，请稍后再试。
服务器连接失败，请稍后再试。
[Errno 32] Broken pipe
接收数据异常，请稍后再试。
[Errno 32] Broken pipe
接收数据异常，请稍后再试。
[Errno 32] Broken pipe
接收数据异常，请稍后再试。
服务器连接失败，请稍后再试。
[Errno 32] Broken pipe
接收数据异常，请稍后再试。
[Errno 32] Broken pipe
接收数据异常，请稍后再试。
[Errno 32] Broken pipe
接收数据异常，请稍后再试。
服务器连接失败，请稍后再试。
[Errno 32] Broken pipe
接收数据异常，请稍后再试。
[Errno 32] Broken pipe
接收数据异常，请稍后再试。
[Errno 32] Broken pipe
接收数据异常，请稍后再试。
服务器连接失败，请稍后再试。
[Errno 32] Broken pipe
接收数据异常，请稍后再试。
[Errno 32] Broken pipe
接收数据异常，请稍后再试。
[Errno 32] Broken pipe
接收数据异常，请稍后再试。
服务器连接失败，请稍后再试。
[Errno 32] Broken pipe
接收数据异常，请稍后再试。
[Errno 32] Broken pipe
接收数据异常，请稍后再试。
[Errno 32] Broken pipe
接收数据异常，请稍后再试。
服务器连接失败，请稍后再试。
[Errno 32] Broken pipe
接收数据异常，请稍后再试。
[Errno 32] Broken pipe
接收数据异常，请稍后再试。
[Errno 32] Broken pipe
接收数据异常，请稍后再试。
服务器连接失败，请稍后再试。
[Errno 32] Broken pipe
接收数据异常，请稍后再试。
[Errno 32] Broken pipe
接收数据异常，请稍后再试。
[Errno 32] Broken pipe
接收数据异常，请稍后再试。
服务器连接失败，请稍后再试。
[Errno 32] Broken pipe
接收数据异常，请稍后再试。
[Errno 32] Broken pipe
接收数据异常，请稍后再试。
[Errno 32] Broken pipe
接收数据异常，请稍后再试。
服务器连接失败，请稍后再试。
[Errno 32] Broken pipe
接收数据异常，请稍后再试。
[Errno 32] Broken pipe
接收数据异常，请稍后再试。
[Errno 32] Broken pipe
接收数据异常，请稍后再试。
服务器连接失败，请稍后再试。
[Errno 32] Broken pipe
接收数据异常，请稍后再试。
[Errno 32] Broken pipe
接收数据异常，请稍后再试。
[Errno 32] Broken pipe
接收数据异常，请稍后再试。
服务器连接失败，请稍后再试。
[Errno 32] Broken pipe
接收数据异常，请稍后再试。
[Errno 32] Broken pipe
接收数据异常，请稍后再试。
[Errno 32] Broken pipe
接收数据异常，请稍后再试。
服务器连接失败，请稍后再试。
[Errno 32] Broken pipe
接收数据异常，请稍后再试。
[Errno 32] Broken pipe
接收数据异常，请稍后再试。
[Errno 32] Broken pipe
接收数据异常，请稍后再试。
[AAna] 选股报告已生成: /Users/cai/code/AAna/reports/2026-06-30-选股报告.md
[AAna v2.5] 生成 2026-06-30 复盘评分报告...
[AAna] 早盘快照不存在: /Users/cai/code/AAna/reports/.snapshot_2026-06-30_09_00.json，跳过复盘报告
[AAna] 新模块加载失败: No module named 'fund_tracker'，使用简化版
[AAna] Git pull: Already up to date.
[AAna] 清理过期报告: 2026-06-24-尾盘选股.md
[AAna] 共清理 1 个过期文件
[AAna v2.5] 生成 2026-07-01 动态选股报告...
[Source] sina OK (800 只, 11.0s)
[AAna] 拆分: 推荐池 143 只 + 风险池 108 只 (source=sina)
[AAna] 动态股票池: 50 只 (涨停警示 30 只)
[AAna] 获取 40 只股票数据...
login success!
logout success!
login success!
logout success!
login success!
logout success!
login success!
logout success!
login success!
logout success!
login success!
logout success!
login success!
logout success!
login success!
logout success!
login success!
logout success!
login success!
logout success!
login success!
logout success!
login success!
logout success!
login success!
logout success!
login success!
logout success!
login success!
logout success!
login success!
logout success!
login success!
logout success!
login success!
logout success!
login success!
logout success!
login success!
logout success!
login success!
logout success!
login success!
logout success!
login success!
logout success!
login success!
logout success!
login success!
logout success!
login success!
logout success!
login success!
logout success!
login success!
logout success!
login success!
logout success!
login success!
logout success!
login success!
logout success!
login success!
logout success!
login success!
logout success!
login success!
logout success!
login success!
logout success!
login success!
logout success!
login success!
logout success!
login success!
logout success!
login success!
logout success!
login success!
logout success!
[AAna] 选股报告已生成: /Users/cai/code/AAna/reports/2026-07-01-选股报告.md
[AAna v2.5] 生成 2026-07-01 复盘评分报告...
[AAna] 早盘快照不存在: /Users/cai/code/AAna/reports/.snapshot_2026-07-01_09_00.json，跳过复盘报告
[AAna] 新模块加载失败: No module named 'fund_tracker'，使用简化版
[AAna] Git pull: Already up to date.
[AAna] 清理过期报告: 2026-06-25-尾盘选股.md
[AAna] 共清理 1 个过期文件
[AAna v2.5] 生成 2026-07-02 动态选股报告...
[Source] sina OK (800 只, 12.9s)
[AAna] 拆分: 推荐池 290 只 + 风险池 73 只 (source=sina)
[AAna] 动态股票池: 50 只 (涨停警示 30 只)
[AAna] 获取 40 只股票数据...
login success!
logout success!
login success!
logout success!
login success!
logout success!
login success!
logout success!
login success!
logout success!
login success!
logout success!
login success!
logout success!
login success!
logout success!
login success!
logout success!
login success!
logout success!
login success!
logout success!
login success!
logout success!
login success!
logout success!
login success!
logout success!
login success!
logout success!
login success!
logout success!
login success!
logout success!
login success!
logout success!
login success!
logout success!
login success!
logout success!
login success!
logout success!
login success!
logout success!
login success!
logout success!
login success!
logout success!
login success!
logout success!
login success!
logout success!
login success!
logout success!
login success!
logout success!
login success!
logout success!
login success!
logout success!
login success!
logout success!
login success!
logout success!
login success!
logout success!
login success!
logout success!
login success!
logout success!
login success!
logout success!
login success!
logout success!
login success!
logout success!
login success!
logout success!
login success!
logout success!
[AAna] 选股报告已生成: /Users/cai/code/AAna/reports/2026-07-02-选股报告.md
[AAna v2.5] 生成 2026-07-02 复盘评分报告...
[AAna] 早盘快照不存在: /Users/cai/code/AAna/reports/.snapshot_2026-07-02_09_00.json，跳过复盘报告
[AAna] 新模块加载失败: No module named 'fund_tracker'，使用简化版
[AAna] Git pull: Already up to date.
[AAna v2.5] 生成 2026-07-03 动态选股报告...
[Source] sina OK (800 只, 11.5s)
[AAna] 拆分: 推荐池 208 只 + 风险池 83 只 (source=sina)
[AAna] 动态股票池: 50 只 (涨停警示 30 只)
[AAna] 获取 40 只股票数据...
服务器连接失败，请稍后再试。
[Errno 32] Broken pipe
接收数据异常，请稍后再试。
[Errno 32] Broken pipe
接收数据异常，请稍后再试。
[Errno 32] Broken pipe
接收数据异常，请稍后再试。
服务器连接失败，请稍后再试。
[Errno 32] Broken pipe
接收数据异常，请稍后再试。
[Errno 32] Broken pipe
接收数据异常，请稍后再试。
[Errno 32] Broken pipe
接收数据异常，请稍后再试。
服务器连接失败，请稍后再试。
[Errno 32] Broken pipe
接收数据异常，请稍后再试。
[Errno 32] Broken pipe
接收数据异常，请稍后再试。
[Errno 32] Broken pipe
接收数据异常，请稍后再试。
服务器连接失败，请稍后再试。
[Errno 32] Broken pipe
接收数据异常，请稍后再试。
[Errno 32] Broken pipe
接收数据异常，请稍后再试。
[Errno 32] Broken pipe
接收数据异常，请稍后再试。
服务器连接失败，请稍后再试。
[Errno 32] Broken pipe
接收数据异常，请稍后再试。
[Errno 32] Broken pipe
接收数据异常，请稍后再试。
[Errno 32] Broken pipe
接收数据异常，请稍后再试。
服务器连接失败，请稍后再试。
[Errno 32] Broken pipe
接收数据异常，请稍后再试。
[Errno 32] Broken pipe
接收数据异常，请稍后再试。
[Errno 32] Broken pipe
接收数据异常，请稍后再试。
服务器连接失败，请稍后再试。
[Errno 32] Broken pipe
接收数据异常，请稍后再试。
[Errno 32] Broken pipe
接收数据异常，请稍后再试。
[Errno 32] Broken pipe
接收数据异常，请稍后再试。
服务器连接失败，请稍后再试。
[Errno 32] Broken pipe
接收数据异常，请稍后再试。
[Errno 32] Broken pipe
接收数据异常，请稍后再试。
[Errno 32] Broken pipe
接收数据异常，请稍后再试。
服务器连接失败，请稍后再试。
[Errno 32] Broken pipe
接收数据异常，请稍后再试。
[Errno 32] Broken pipe
接收数据异常，请稍后再试。
[Errno 32] Broken pipe
接收数据异常，请稍后再试。
服务器连接失败，请稍后再试。
[Errno 32] Broken pipe
接收数据异常，请稍后再试。
[Errno 32] Broken pipe
接收数据异常，请稍后再试。
[Errno 32] Broken pipe
接收数据异常，请稍后再试。
服务器连接失败，请稍后再试。
[Errno 32] Broken pipe
接收数据异常，请稍后再试。
[Errno 32] Broken pipe
接收数据异常，请稍后再试。
[Errno 32] Broken pipe
接收数据异常，请稍后再试。
服务器连接失败，请稍后再试。
[Errno 32] Broken pipe
接收数据异常，请稍后再试。
[Errno 32] Broken pipe
接收数据异常，请稍后再试。
[Errno 32] Broken pipe
接收数据异常，请稍后再试。
服务器连接失败，请稍后再试。
[Errno 32] Broken pipe
接收数据异常，请稍后再试。
[Errno 32] Broken pipe
接收数据异常，请稍后再试。
[Errno 32] Broken pipe
接收数据异常，请稍后再试。
服务器连接失败，请稍后再试。
[Errno 32] Broken pipe
接收数据异常，请稍后再试。
[Errno 32] Broken pipe
接收数据异常，请稍后再试。
[Errno 32] Broken pipe
接收数据异常，请稍后再试。
服务器连接失败，请稍后再试。
[Errno 32] Broken pipe
接收数据异常，请稍后再试。
[Errno 32] Broken pipe
接收数据异常，请稍后再试。
[Errno 32] Broken pipe
接收数据异常，请稍后再试。
服务器连接失败，请稍后再试。
[Errno 32] Broken pipe
接收数据异常，请稍后再试。
[Errno 32] Broken pipe
接收数据异常，请稍后再试。
[Errno 32] Broken pipe
接收数据异常，请稍后再试。
服务器连接失败，请稍后再试。
[Errno 32] Broken pipe
接收数据异常，请稍后再试。
[Errno 32] Broken pipe
接收数据异常，请稍后再试。
[Errno 32] Broken pipe
接收数据异常，请稍后再试。
服务器连接失败，请稍后再试。
[Errno 32] Broken pipe
接收数据异常，请稍后再试。
[Errno 32] Broken pipe
接收数据异常，请稍后再试。
[Errno 32] Broken pipe
接收数据异常，请稍后再试。
服务器连接失败，请稍后再试。
[Errno 32] Broken pipe
接收数据异常，请稍后再试。
[Errno 32] Broken pipe
接收数据异常，请稍后再试。
[Errno 32] Broken pipe
接收数据异常，请稍后再试。
服务器连接失败，请稍后再试。
[Errno 32] Broken pipe
接收数据异常，请稍后再试。
[Errno 32] Broken pipe
接收数据异常，请稍后再试。
[Errno 32] Broken pipe
接收数据异常，请稍后再试。
服务器连接失败，请稍后再试。
[Errno 32] Broken pipe
接收数据异常，请稍后再试。
[Errno 32] Broken pipe
接收数据异常，请稍后再试。
[Errno 32] Broken pipe
接收数据异常，请稍后再试。
服务器连接失败，请稍后再试。
[Errno 32] Broken pipe
接收数据异常，请稍后再试。
[Errno 32] Broken pipe
接收数据异常，请稍后再试。
[Errno 32] Broken pipe
接收数据异常，请稍后再试。
服务器连接失败，请稍后再试。
[Errno 32] Broken pipe
接收数据异常，请稍后再试。
[Errno 32] Broken pipe
接收数据异常，请稍后再试。
[Errno 32] Broken pipe
接收数据异常，请稍后再试。
服务器连接失败，请稍后再试。
[Errno 32] Broken pipe
接收数据异常，请稍后再试。
[Errno 32] Broken pipe
接收数据异常，请稍后再试。
[Errno 32] Broken pipe
接收数据异常，请稍后再试。
服务器连接失败，请稍后再试。
[Errno 32] Broken pipe
接收数据异常，请稍后再试。
[Errno 32] Broken pipe
接收数据异常，请稍后再试。
[Errno 32] Broken pipe
接收数据异常，请稍后再试。
服务器连接失败，请稍后再试。
[Errno 32] Broken pipe
接收数据异常，请稍后再试。
[Errno 32] Broken pipe
接收数据异常，请稍后再试。
[Errno 32] Broken pipe
接收数据异常，请稍后再试。
服务器连接失败，请稍后再试。
[Errno 32] Broken pipe
接收数据异常，请稍后再试。
[Errno 32] Broken pipe
接收数据异常，请稍后再试。
[Errno 32] Broken pipe
接收数据异常，请稍后再试。
服务器连接失败，请稍后再试。
[Errno 32] Broken pipe
接收数据异常，请稍后再试。
[Errno 32] Broken pipe
接收数据异常，请稍后再试。
[Errno 32] Broken pipe
接收数据异常，请稍后再试。
服务器连接失败，请稍后再试。
[Errno 32] Broken pipe
接收数据异常，请稍后再试。
[Errno 32] Broken pipe
接收数据异常，请稍后再试。
[Errno 32] Broken pipe
接收数据异常，请稍后再试。
服务器连接失败，请稍后再试。
[Errno 32] Broken pipe
接收数据异常，请稍后再试。
[Errno 32] Broken pipe
接收数据异常，请稍后再试。
[Errno 32] Broken pipe
接收数据异常，请稍后再试。
服务器连接失败，请稍后再试。
[Errno 32] Broken pipe
接收数据异常，请稍后再试。
[Errno 32] Broken pipe
接收数据异常，请稍后再试。
[Errno 32] Broken pipe
接收数据异常，请稍后再试。
服务器连接失败，请稍后再试。
[Errno 32] Broken pipe
接收数据异常，请稍后再试。
[Errno 32] Broken pipe
接收数据异常，请稍后再试。
[Errno 32] Broken pipe
接收数据异常，请稍后再试。
服务器连接失败，请稍后再试。
[Errno 32] Broken pipe
接收数据异常，请稍后再试。
[Errno 32] Broken pipe
接收数据异常，请稍后再试。
[Errno 32] Broken pipe
接收数据异常，请稍后再试。
服务器连接失败，请稍后再试。
[Errno 32] Broken pipe
接收数据异常，请稍后再试。
[Errno 32] Broken pipe
接收数据异常，请稍后再试。
[Errno 32] Broken pipe
接收数据异常，请稍后再试。
服务器连接失败，请稍后再试。
[Errno 32] Broken pipe
接收数据异常，请稍后再试。
[Errno 32] Broken pipe
接收数据异常，请稍后再试。
[Errno 32] Broken pipe
接收数据异常，请稍后再试。
服务器连接失败，请稍后再试。
[Errno 32] Broken pipe
接收数据异常，请稍后再试。
[Errno 32] Broken pipe
接收数据异常，请稍后再试。
[Errno 32] Broken pipe
接收数据异常，请稍后再试。
服务器连接失败，请稍后再试。
[Errno 32] Broken pipe
接收数据异常，请稍后再试。
[Errno 32] Broken pipe
接收数据异常，请稍后再试。
[Errno 32] Broken pipe
接收数据异常，请稍后再试。
服务器连接失败，请稍后再试。
[Errno 32] Broken pipe
接收数据异常，请稍后再试。
[Errno 32] Broken pipe
接收数据异常，请稍后再试。
[Errno 32] Broken pipe
接收数据异常，请稍后再试。
服务器连接失败，请稍后再试。
[Errno 32] Broken pipe
接收数据异常，请稍后再试。
[Errno 32] Broken pipe
接收数据异常，请稍后再试。
[Errno 32] Broken pipe
接收数据异常，请稍后再试。
服务器连接失败，请稍后再试。
[Errno 32] Broken pipe
接收数据异常，请稍后再试。
[Errno 32] Broken pipe
接收数据异常，请稍后再试。
[Errno 32] Broken pipe
接收数据异常，请稍后再试。
[AAna] 选股报告已生成: /Users/cai/code/AAna/reports/2026-07-03-选股报告.md
[AAna v2.5] 生成 2026-07-03 复盘评分报告...
[AAna] 早盘快照不存在: /Users/cai/code/AAna/reports/.snapshot_2026-07-03_09_00.json，跳过复盘报告
